,long,lat,group,order,region,subregion,generalRegion
1,-83.66902161,39.02988815,2012,59960,ohio,adams,Southwest
2,-83.56589508,39.02988815,2012,59961,ohio,adams,Southwest
3,-83.37109375,39.06426239,2012,59962,ohio,adams,Southwest
4,-83.30805969,39.06426239,2012,59963,ohio,adams,Southwest
5,-83.30233002,39.05280304,2012,59964,ohio,adams,Southwest
6,-83.25649261,39.01842499,2012,59965,ohio,adams,Southwest
7,-83.25076294,38.64027023,2012,59966,ohio,adams,Southwest
8,-83.29087067,38.62308502,2012,59967,ohio,adams,Southwest
9,-83.31952667,38.64027023,2012,59968,ohio,adams,Southwest
10,-83.37109375,38.6746521,2012,59969,ohio,adams,Southwest
11,-83.4455719,38.69184113,2012,59970,ohio,adams,Southwest
12,-83.52578735,38.71475983,2012,59971,ohio,adams,Southwest
13,-83.61746216,38.6975708,2012,59972,ohio,adams,Southwest
14,-83.64611053,38.66318893,2012,59973,ohio,adams,Southwest
15,-83.66902161,38.6517334,2012,59974,ohio,adams,Southwest
16,-83.70912933,38.66318893,2012,59975,ohio,adams,Southwest
17,-83.66902161,39.02988815,2012,59976,ohio,adams,Southwest
18,-83.88101959,40.82897186,2013,59978,ohio,allen,Northwest
19,-83.88101959,40.64562607,2013,59979,ohio,allen,Northwest
20,-84.11592865,40.65135574,2013,59980,ohio,allen,Northwest
21,-84.11592865,40.66281509,2013,59981,ohio,allen,Northwest
22,-84.23052979,40.66281509,2013,59982,ohio,allen,Northwest
23,-84.23052979,40.69146347,2013,59983,ohio,allen,Northwest
24,-84.39668274,40.68000412,2013,59984,ohio,allen,Northwest
25,-84.40241241,40.82324219,2013,59985,ohio,allen,Northwest
26,-84.35084534,40.82324219,2013,59986,ohio,allen,Northwest
27,-84.35084534,40.85762024,2013,59987,ohio,allen,Northwest
28,-84.11592865,40.86907959,2013,59988,ohio,allen,Northwest
29,-84.11592865,40.90918732,2013,59989,ohio,allen,Northwest
30,-83.9956131,40.91491699,2013,59990,ohio,allen,Northwest
31,-83.9956131,40.93210602,2013,59991,ohio,allen,Northwest
32,-83.88101959,40.92637253,2013,59992,ohio,allen,Northwest
33,-83.88101959,40.82897186,2013,59993,ohio,allen,Northwest
34,-82.12776947,41.00658798,2014,59995,ohio,ashland,Northeast
35,-82.12776947,40.68000412,2014,59996,ohio,ashland,Northeast
36,-82.22517395,40.68000412,2014,59997,ohio,ashland,Northeast
37,-82.22517395,40.58259964,2014,59998,ohio,ashland,Northeast
38,-82.33403778,40.56541061,2014,59999,ohio,ashland,Northeast
39,-82.33403778,40.73730087,2014,60000,ohio,ashland,Northeast
40,-82.38559723,40.74876022,2014,60001,ohio,ashland,Northeast
41,-82.38559723,40.80605316,2014,60002,ohio,ashland,Northeast
42,-82.40278625,40.81751633,2014,60003,ohio,ashland,Northeast
43,-82.40852356,40.82897186,2014,60004,ohio,ashland,Northeast
44,-82.40852356,41.00658798,2014,60005,ohio,ashland,Northeast
45,-82.43716431,41.00658798,2014,60006,ohio,ashland,Northeast
46,-82.43143463,41.08107376,2014,60007,ohio,ashland,Northeast
47,-82.3454895,41.08107376,2014,60008,ohio,ashland,Northeast
48,-82.1678772,41.07534409,2014,60009,ohio,ashland,Northeast
49,-82.1678772,41.00658798,2014,60010,ohio,ashland,Northeast
50,-82.12776947,41.00658798,2014,60011,ohio,ashland,Northeast
51,-80.52922058,41.83737946,2015,60013,ohio,ashtabula,Northeast
52,-80.52922058,41.49933624,2015,60014,ohio,ashtabula,Northeast
53,-81.004776,41.5050621,2015,60015,ohio,ashtabula,Northeast
54,-81.01050568,41.7342453,2015,60016,ohio,ashtabula,Northeast
55,-81.004776,41.86029816,2015,60017,ohio,ashtabula,Northeast
56,-80.9360199,41.87175369,2015,60018,ohio,ashtabula,Northeast
57,-80.82715607,41.89467239,2015,60019,ohio,ashtabula,Northeast
58,-80.73548889,41.92905426,2015,60020,ohio,ashtabula,Northeast
59,-80.64381409,41.95197296,2015,60021,ohio,ashtabula,Northeast
60,-80.53494263,41.96915817,2015,60022,ohio,ashtabula,Northeast
61,-80.52922058,41.83737946,2015,60023,ohio,ashtabula,Northeast
62,-81.7324295,39.22468948,2016,60025,ohio,athens,Southeast
63,-81.74961853,39.19031525,2016,60026,ohio,athens,Southeast
64,-82.27101135,39.21323395,2016,60027,ohio,athens,Southeast
65,-82.259552,39.29344559,2016,60028,ohio,athens,Southeast
66,-82.29393005,39.30490494,2016,60029,ohio,athens,Southeast
67,-82.2824707,39.39657974,2016,60030,ohio,athens,Southeast
68,-82.27101135,39.48825073,2016,60031,ohio,athens,Southeast
69,-82.1678772,39.48252487,2016,60032,ohio,athens,Southeast
70,-82.16214752,39.56846237,2016,60033,ohio,athens,Southeast
71,-82.04756165,39.56846237,2016,60034,ohio,athens,Southeast
72,-82.05901337,39.47106171,2016,60035,ohio,athens,Southeast
73,-81.83556366,39.46533203,2016,60036,ohio,athens,Southeast
74,-81.84702301,39.33928299,2016,60037,ohio,athens,Southeast
75,-81.82983398,39.33928299,2016,60038,ohio,athens,Southeast
76,-81.82983398,39.32209396,2016,60039,ohio,athens,Southeast
77,-81.81263733,39.32209396,2016,60040,ohio,athens,Southeast
78,-81.80691528,39.29344559,2016,60041,ohio,athens,Southeast
79,-81.72097015,39.28771591,2016,60042,ohio,athens,Southeast
80,-81.7324295,39.22468948,2016,60043,ohio,athens,Southeast
81,-83.87528992,40.53676224,2017,60045,ohio,auglaize,Northwest
82,-83.98988342,40.54249191,2017,60046,ohio,auglaize,Northwest
83,-83.98988342,40.48519897,2017,60047,ohio,auglaize,Northwest
84,-84.35084534,40.48519897,2017,60048,ohio,auglaize,Northwest
85,-84.35084534,40.38206482,2017,60049,ohio,auglaize,Northwest
86,-84.44252014,40.38206482,2017,60050,ohio,auglaize,Northwest
87,-84.44252014,40.35914612,2017,60051,ohio,auglaize,Northwest
88,-84.45970917,40.35341644,2017,60052,ohio,auglaize,Northwest
89,-84.46543884,40.68000412,2017,60053,ohio,auglaize,Northwest
90,-84.39668274,40.68000412,2017,60054,ohio,auglaize,Northwest
91,-84.23052979,40.69146347,2017,60055,ohio,auglaize,Northwest
92,-84.23052979,40.66281509,2017,60056,ohio,auglaize,Northwest
93,-84.11592865,40.66281509,2017,60057,ohio,auglaize,Northwest
94,-84.11592865,40.65135574,2017,60058,ohio,auglaize,Northwest
95,-83.88101959,40.64562607,2017,60059,ohio,auglaize,Northwest
96,-83.87528992,40.53676224,2017,60060,ohio,auglaize,Northwest
97,-80.70683289,40.16434097,2018,60062,ohio,belmont,Southeast
98,-80.75267029,40.07266998,2018,60063,ohio,belmont,Southeast
99,-80.74694061,40.04401779,2018,60064,ohio,belmont,Southeast
100,-80.74694061,40.03829193,2018,60065,ohio,belmont,Southeast
101,-80.76412964,39.9752655,2018,60066,ohio,belmont,Southeast
102,-80.76985931,39.94088745,2018,60067,ohio,belmont,Southeast
103,-80.80996704,39.9294281,2018,60068,ohio,belmont,Southeast
104,-80.81569672,39.91224289,2018,60069,ohio,belmont,Southeast
105,-80.80423737,39.88932419,2018,60070,ohio,belmont,Southeast
106,-80.82715607,39.860672,2018,60071,ohio,belmont,Southeast
107,-81.22823334,39.8835907,2018,60072,ohio,belmont,Southeast
108,-81.22823334,39.96380615,2018,60073,ohio,belmont,Southeast
109,-81.22249603,40.18725967,2018,60074,ohio,belmont,Southeast
110,-80.87299347,40.17580032,2018,60075,ohio,belmont,Southeast
111,-80.76412964,40.16434097,2018,60076,ohio,belmont,Southeast
112,-80.75839996,40.17580032,2018,60077,ohio,belmont,Southeast
113,-80.70683289,40.16434097,2018,60078,ohio,belmont,Southeast
114,-83.66902161,39.02988815,2019,60080,ohio,brown,Southwest
115,-83.70912933,38.66318893,2019,60081,ohio,brown,Southwest
116,-83.76643372,38.6746521,2019,60082,ohio,brown,Southwest
117,-83.83518219,38.7204895,2019,60083,ohio,brown,Southwest
118,-83.86956024,38.76059723,2019,60084,ohio,brown,Southwest
119,-83.90394592,38.77205276,2019,60085,ohio,brown,Southwest
120,-83.92685699,38.77778244,2019,60086,ohio,brown,Southwest
121,-83.96696472,38.80070114,2019,60087,ohio,brown,Southwest
122,-84.05290985,38.79497147,2019,60088,ohio,brown,Southwest
123,-83.9956131,39.26479721,2019,60089,ohio,brown,Southwest
124,-83.88101959,39.25906754,2019,60090,ohio,brown,Southwest
125,-83.89820862,39.02988815,2019,60091,ohio,brown,Southwest
126,-83.66902161,39.02988815,2019,60092,ohio,brown,Southwest
127,-84.82067108,39.52835846,2020,60094,ohio,butler,Southwest
128,-84.82067108,39.57419586,2020,60095,ohio,butler,Southwest
129,-84.48262024,39.57992554,2020,60096,ohio,butler,Southwest
130,-84.48262024,39.59711456,2020,60097,ohio,butler,Southwest
131,-84.35084534,39.59711456,2020,60098,ohio,butler,Southwest
132,-84.35084534,39.56273651,2020,60099,ohio,butler,Southwest
133,-84.33365631,39.56273651,2020,60100,ohio,butler,Southwest
134,-84.34511566,39.29344559,2020,60101,ohio,butler,Southwest
135,-84.55138397,39.31636429,2020,60102,ohio,butler,Southwest
136,-84.82067108,39.31063461,2020,60103,ohio,butler,Southwest
137,-84.82067108,39.52835846,2020,60104,ohio,butler,Southwest
138,-80.85580444,40.61124802,2021,60106,ohio,carroll,Northeast
139,-80.85580444,40.56541061,2021,60107,ohio,carroll,Northeast
140,-80.90737152,40.56541061,2021,60108,ohio,carroll,Northeast
141,-80.90737152,40.4794693,2021,60109,ohio,carroll,Northeast
142,-80.9360199,40.4794693,2021,60110,ohio,carroll,Northeast
143,-80.9360199,40.43936157,2021,60111,ohio,carroll,Northeast
144,-81.26833344,40.45081711,2021,60112,ohio,carroll,Northeast
145,-81.25687408,40.57686996,2021,60113,ohio,carroll,Northeast
146,-81.31990051,40.58259964,2021,60114,ohio,carroll,Northeast
147,-81.31417084,40.66854477,2021,60115,ohio,carroll,Northeast
148,-81.23968506,40.66854477,2021,60116,ohio,carroll,Northeast
149,-81.23968506,40.73730087,2021,60117,ohio,carroll,Northeast
150,-81.20530701,40.73730087,2021,60118,ohio,carroll,Northeast
151,-81.19957733,40.73730087,2021,60119,ohio,carroll,Northeast
152,-81.07925415,40.73730087,2021,60120,ohio,carroll,Northeast
153,-80.90163422,40.73730087,2021,60121,ohio,carroll,Northeast
154,-80.90737152,40.65708542,2021,60122,ohio,carroll,Northeast
155,-80.85007477,40.65135574,2021,60123,ohio,carroll,Northeast
156,-80.85580444,40.61124802,2021,60124,ohio,carroll,Northeast
157,-83.50859833,40.11850739,2022,60126,ohio,champaign,Southwest
158,-83.514328,40.01537323,2022,60127,ohio,champaign,Southwest
159,-84.02998352,40.04975128,2022,60128,ohio,champaign,Southwest
160,-84.02426147,40.18725967,2022,60129,ohio,champaign,Southwest
161,-84.0185318,40.27893448,2022,60130,ohio,champaign,Southwest
162,-83.79507446,40.26747131,2022,60131,ohio,champaign,Southwest
163,-83.78361511,40.26174545,2022,60132,ohio,champaign,Southwest
164,-83.55443573,40.24455643,2022,60133,ohio,champaign,Southwest
165,-83.49713898,40.23882675,2022,60134,ohio,champaign,Southwest
166,-83.50859833,40.11850739,2022,60135,ohio,champaign,Southwest
167,-83.514328,40.01537323,2023,60137,ohio,clark,Southwest
168,-83.58881378,39.77473068,2023,60138,ohio,clark,Southwest
169,-83.64038086,39.78046036,2023,60139,ohio,clark,Southwest
170,-83.73778534,39.78619003,2023,60140,ohio,clark,Southwest
171,-83.73778534,39.79764938,2023,60141,ohio,clark,Southwest
172,-83.82945251,39.80337906,2023,60142,ohio,clark,Southwest
173,-83.82945251,39.82629776,2023,60143,ohio,clark,Southwest
174,-83.94404602,39.83202744,2023,60144,ohio,clark,Southwest
175,-83.94404602,39.84921646,2023,60145,ohio,clark,Southwest
176,-84.05863953,39.85494232,2023,60146,ohio,clark,Southwest
177,-84.05290985,39.8835907,2023,60147,ohio,clark,Southwest
178,-84.02998352,40.04975128,2023,60148,ohio,clark,Southwest
179,-83.514328,40.01537323,2023,60149,ohio,clark,Southwest
180,-84.01280212,39.26479721,2024,60151,ohio,clermont,Southwest
181,-83.9956131,39.26479721,2024,60152,ohio,clermont,Southwest
182,-84.05290985,38.79497147,2024,60153,ohio,clermont,Southwest
183,-84.0872879,38.79497147,2024,60154,ohio,clermont,Southwest
184,-84.15603638,38.81216049,2024,60155,ohio,clermont,Southwest
185,-84.23052979,38.83507919,2024,60156,ohio,clermont,Southwest
186,-84.23052979,38.86945724,2024,60157,ohio,clermont,Southwest
187,-84.23052979,38.89237595,2024,60158,ohio,clermont,Southwest
188,-84.25344086,38.93247986,2024,60159,ohio,clermont,Southwest
189,-84.28208923,38.97258759,2024,60160,ohio,clermont,Southwest
190,-84.29927826,39.00123596,2024,60161,ohio,clermont,Southwest
191,-84.31074524,39.02415466,2024,60162,ohio,clermont,Southwest
192,-84.29927826,39.17885208,2024,60163,ohio,clermont,Southwest
193,-84.28208923,39.20750046,2024,60164,ohio,clermont,Southwest
194,-84.28208923,39.21895981,2024,60165,ohio,clermont,Southwest
195,-84.30500793,39.22468948,2024,60166,ohio,clermont,Southwest
196,-84.31074524,39.23041916,2024,60167,ohio,clermont,Southwest
197,-84.30500793,39.23615265,2024,60168,ohio,clermont,Southwest
198,-84.27636719,39.25333786,2024,60169,ohio,clermont,Southwest
199,-84.25917053,39.27052689,2024,60170,ohio,clermont,Southwest
200,-84.25344086,39.27625656,2024,60171,ohio,clermont,Southwest
201,-84.01280212,39.26479721,2024,60172,ohio,clermont,Southwest
202,-83.9956131,39.26479721,2025,60174,ohio,clinton,Southwest
203,-84.01280212,39.26479721,2025,60175,ohio,clinton,Southwest
204,-83.97842407,39.57992554,2025,60176,ohio,clinton,Southwest
205,-83.65756989,39.55127716,2025,60177,ohio,clinton,Southwest
206,-83.56016541,39.54554367,2025,60178,ohio,clinton,Southwest
207,-83.58308411,39.38511658,2025,60179,ohio,clinton,Southwest
208,-83.79507446,39.27052689,2025,60180,ohio,clinton,Southwest
209,-83.79507446,39.24760818,2025,60181,ohio,clinton,Southwest
210,-83.81227112,39.23615265,2025,60182,ohio,clinton,Southwest
211,-83.82373047,39.23615265,2025,60183,ohio,clinton,Southwest
212,-83.82373047,39.25906754,2025,60184,ohio,clinton,Southwest
213,-83.88101959,39.25906754,2025,60185,ohio,clinton,Southwest
214,-83.9956131,39.26479721,2025,60186,ohio,clinton,Southwest
215,-80.85580444,40.61124802,2026,60188,ohio,columbiana,Northeast
216,-80.85007477,40.65135574,2026,60189,ohio,columbiana,Northeast
217,-80.90737152,40.65708542,2026,60190,ohio,columbiana,Northeast
218,-80.90163422,40.73730087,2026,60191,ohio,columbiana,Northeast
219,-81.07925415,40.73730087,2026,60192,ohio,columbiana,Northeast
220,-81.07925415,40.91491699,2026,60193,ohio,columbiana,Northeast
221,-80.88445282,40.91491699,2026,60194,ohio,columbiana,Northeast
222,-80.88445282,40.94356537,2026,60195,ohio,columbiana,Northeast
223,-80.80996704,40.93783569,2026,60196,ohio,columbiana,Northeast
224,-80.80423737,40.91491699,2026,60197,ohio,columbiana,Northeast
225,-80.51203156,40.90918732,2026,60198,ohio,columbiana,Northeast
226,-80.51203156,40.85762024,2026,60199,ohio,columbiana,Northeast
227,-80.51776123,40.64562607,2026,60200,ohio,columbiana,Northeast
228,-80.55786896,40.63989639,2026,60201,ohio,columbiana,Northeast
229,-80.62088776,40.63416672,2026,60202,ohio,columbiana,Northeast
230,-80.66099548,40.61697769,2026,60203,ohio,columbiana,Northeast
231,-80.66672516,40.60551834,2026,60204,ohio,columbiana,Northeast
232,-80.67245483,40.58832932,2026,60205,ohio,columbiana,Northeast
233,-80.73548889,40.59978867,2026,60206,ohio,columbiana,Northeast
234,-80.73548889,40.61124802,2026,60207,ohio,columbiana,Northeast
235,-80.85580444,40.61124802,2026,60208,ohio,columbiana,Northeast
236,-82.20225525,40.2502861,2027,60210,ohio,coshocton,Northeast
237,-82.17933655,40.47373581,2027,60211,ohio,coshocton,Northeast
238,-81.70378113,40.45081711,2027,60212,ohio,coshocton,Northeast
239,-81.7095108,40.38779831,2027,60213,ohio,coshocton,Northeast
240,-81.61210632,40.38206482,2027,60214,ohio,coshocton,Northeast
241,-81.62356567,40.23882675,2027,60215,ohio,coshocton,Northeast
242,-81.66940308,40.24455643,2027,60216,ohio,coshocton,Northeast
243,-81.66940308,40.16434097,2027,60217,ohio,coshocton,Northeast
244,-81.71524048,40.16434097,2027,60218,ohio,coshocton,Northeast
245,-82.1907959,40.18725967,2027,60219,ohio,coshocton,Northeast
246,-82.17933655,40.2502861,2027,60220,ohio,coshocton,Northeast
247,-82.20225525,40.2502861,2027,60221,ohio,coshocton,Northeast
248,-82.8496933,40.71438217,2028,60223,ohio,crawford,Northwest
249,-83.10752869,40.71438217,2028,60224,ohio,crawford,Northwest
250,-83.10179901,40.79459763,2028,60225,ohio,crawford,Northwest
251,-83.10179901,40.80605316,2028,60226,ohio,crawford,Northwest
252,-83.10179901,40.83470154,2028,60227,ohio,crawford,Northwest
253,-83.10179901,40.82897186,2028,60228,ohio,crawford,Northwest
254,-83.10752869,41.00086212,2028,60229,ohio,crawford,Northwest
255,-82.85542297,41.00086212,2028,60230,ohio,crawford,Northwest
256,-82.8496933,41.01231766,2028,60231,ohio,crawford,Northwest
257,-82.8325119,41.00658798,2028,60232,ohio,crawford,Northwest
258,-82.72364807,41.00658798,2028,60233,ohio,crawford,Northwest
259,-82.72364807,40.72584152,2028,60234,ohio,crawford,Northwest
260,-82.8496933,40.7315712,2028,60235,ohio,crawford,Northwest
261,-82.8496933,40.71438217,2028,60236,ohio,crawford,Northwest
262,-81.96161652,41.5050621,2029,60238,ohio,cuyahoga,Northeast
263,-81.88140106,41.49360275,2029,60239,ohio,cuyahoga,Northeast
264,-81.85274506,41.49360275,2029,60240,ohio,cuyahoga,Northeast
265,-81.77826691,41.49933624,2029,60241,ohio,cuyahoga,Northeast
266,-81.74388885,41.51079178,2029,60242,ohio,cuyahoga,Northeast
267,-81.66940308,41.5279808,2029,60243,ohio,cuyahoga,Northeast
268,-81.56053925,41.60246658,2029,60244,ohio,cuyahoga,Northeast
269,-81.48032379,41.64257431,2029,60245,ohio,cuyahoga,Northeast
270,-81.48032379,41.59100723,2029,60246,ohio,cuyahoga,Northeast
271,-81.38865662,41.58527374,2029,60247,ohio,cuyahoga,Northeast
272,-81.39438629,41.47068405,2029,60248,ohio,cuyahoga,Northeast
273,-81.37146759,41.47068405,2029,60249,ohio,cuyahoga,Northeast
274,-81.37146759,41.44776535,2029,60250,ohio,cuyahoga,Northeast
275,-81.38865662,41.44776535,2029,60251,ohio,cuyahoga,Northeast
276,-81.39438629,41.36755371,2029,60252,ohio,cuyahoga,Northeast
277,-81.59492493,41.37328339,2029,60253,ohio,cuyahoga,Northeast
278,-81.5548172,41.29306793,2029,60254,ohio,cuyahoga,Northeast
279,-81.67513275,41.28733826,2029,60255,ohio,cuyahoga,Northeast
280,-81.86994171,41.29306793,2029,60256,ohio,cuyahoga,Northeast
281,-81.86994171,41.36755371,2029,60257,ohio,cuyahoga,Northeast
282,-81.97306824,41.36755371,2029,60258,ohio,cuyahoga,Northeast
283,-81.96161652,41.5050621,2029,60259,ohio,cuyahoga,Northeast
284,-84.43106079,40.2044487,2030,60261,ohio,darke,Southwest
285,-84.43106079,39.9294281,2030,60262,ohio,darke,Southwest
286,-84.48835754,39.91796875,2030,60263,ohio,darke,Southwest
287,-84.82067108,39.9294281,2030,60264,ohio,darke,Southwest
288,-84.82067108,40.01537323,2030,60265,ohio,darke,Southwest
289,-84.81494141,40.31330872,2030,60266,ohio,darke,Southwest
290,-84.81494141,40.35341644,2030,60267,ohio,darke,Southwest
291,-84.45970917,40.35341644,2030,60268,ohio,darke,Southwest
292,-84.44252014,40.35914612,2030,60269,ohio,darke,Southwest
293,-84.43106079,40.2044487,2030,60270,ohio,darke,Southwest
294,-84.35084534,41.17274475,2031,60272,ohio,defiance,Northwest
295,-84.35084534,41.21858215,2031,60273,ohio,defiance,Northwest
296,-84.45970917,41.22431183,2031,60274,ohio,defiance,Northwest
297,-84.46543884,41.25868988,2031,60275,ohio,defiance,Northwest
298,-84.80348206,41.25868988,2031,60276,ohio,defiance,Northwest
299,-84.80348206,41.28160858,2031,60277,ohio,defiance,Northwest
300,-84.79775238,41.43058014,2031,60278,ohio,defiance,Northwest
301,-84.34511566,41.43058014,2031,60279,ohio,defiance,Northwest
302,-84.23625183,41.43058014,2031,60280,ohio,defiance,Northwest
303,-84.23625183,41.17274475,2031,60281,ohio,defiance,Northwest
304,-84.35084534,41.17274475,2031,60282,ohio,defiance,Northwest
305,-82.73510742,40.2961235,2032,60284,ohio,delaware,Central
306,-82.74656677,40.14142609,2032,60285,ohio,delaware,Central
307,-83.17054749,40.15288162,2032,60286,ohio,delaware,Central
308,-83.17054749,40.25601578,2032,60287,ohio,delaware,Central
309,-83.24504089,40.26174545,2032,60288,ohio,delaware,Central
310,-83.24504089,40.45081711,2032,60289,ohio,delaware,Central
311,-83.02158356,40.4336319,2032,60290,ohio,delaware,Central
312,-83.01585388,40.4336319,2032,60291,ohio,delaware,Central
313,-82.92417908,40.42790222,2032,60292,ohio,delaware,Central
314,-82.92417908,40.37060547,2032,60293,ohio,delaware,Central
315,-82.72937775,40.37060547,2032,60294,ohio,delaware,Central
316,-82.73510742,40.2961235,2032,60295,ohio,delaware,Central
317,-82.3454895,41.31025696,2033,60297,ohio,erie,Northwest
318,-82.83823395,41.30452728,2033,60298,ohio,erie,Northwest
319,-82.84396362,41.43058014,2033,60299,ohio,erie,Northwest
320,-82.86688995,41.43058014,2033,60300,ohio,erie,Northwest
321,-82.82678223,41.47068405,2033,60301,ohio,erie,Northwest
322,-82.78094482,41.47641754,2033,60302,ohio,erie,Northwest
323,-82.7408371,41.47641754,2033,60303,ohio,erie,Northwest
324,-82.71791077,41.47641754,2033,60304,ohio,erie,Northwest
325,-82.69499969,41.48787308,2033,60305,ohio,erie,Northwest
326,-82.67207336,41.48787308,2033,60306,ohio,erie,Northwest
327,-82.63770294,41.44776535,2033,60307,ohio,erie,Northwest
328,-82.50019836,41.39620209,2033,60308,ohio,erie,Northwest
329,-82.46581268,41.39620209,2033,60309,ohio,erie,Northwest
330,-82.37414551,41.43058014,2033,60310,ohio,erie,Northwest
331,-82.35121918,41.43058014,2033,60311,ohio,erie,Northwest
332,-82.3454895,41.31025696,2033,60312,ohio,erie,Northwest
333,-82.75801849,39.94088745,2034,60314,ohio,fairfield,Central
334,-82.45436096,39.9294281,2034,60315,ohio,fairfield,Central
335,-82.46581268,39.84348679,2034,60316,ohio,fairfield,Central
336,-82.3913269,39.8377533,2034,60317,ohio,fairfield,Central
337,-82.39705658,39.75181198,2034,60318,ohio,fairfield,Central
338,-82.36841583,39.75181198,2034,60319,ohio,fairfield,Central
339,-82.37414551,39.66013718,2034,60320,ohio,fairfield,Central
340,-82.47727203,39.66587067,2034,60321,ohio,fairfield,Central
341,-82.48300171,39.61429977,2034,60322,ohio,fairfield,Central
342,-82.60332489,39.61429977,2034,60323,ohio,fairfield,Central
343,-82.60332489,39.56846237,2034,60324,ohio,fairfield,Central
344,-82.71218872,39.57992554,2034,60325,ohio,fairfield,Central
345,-82.71791077,39.56273651,2034,60326,ohio,fairfield,Central
346,-82.82678223,39.56846237,2034,60327,ohio,fairfield,Central
347,-82.81532288,39.79764938,2034,60328,ohio,fairfield,Central
348,-82.80958557,39.8377533,2034,60329,ohio,fairfield,Central
349,-82.7866745,39.84348679,2034,60330,ohio,fairfield,Central
350,-82.78094482,39.92369843,2034,60331,ohio,fairfield,Central
351,-82.79812622,39.92369843,2034,60332,ohio,fairfield,Central
352,-82.79812622,39.94661713,2034,60333,ohio,fairfield,Central
353,-82.75801849,39.94088745,2034,60334,ohio,fairfield,Central
354,-83.65756989,39.55127716,2035,60336,ohio,fayette,Southwest
355,-83.64611053,39.71743393,2035,60337,ohio,fayette,Southwest
356,-83.24504089,39.7002449,2035,60338,ohio,fayette,Southwest
357,-83.26222229,39.51689911,2035,60339,ohio,fayette,Southwest
358,-83.30805969,39.45960617,2035,60340,ohio,fayette,Southwest
359,-83.36536407,39.38511658,2035,60341,ohio,fayette,Southwest
360,-83.58308411,39.38511658,2035,60342,ohio,fayette,Southwest
361,-83.56016541,39.54554367,2035,60343,ohio,fayette,Southwest
362,-83.65756989,39.55127716,2035,60344,ohio,fayette,Southwest
363,-82.74656677,40.14142609,2036,60346,ohio,franklin,Central
364,-82.75801849,39.94088745,2036,60347,ohio,franklin,Central
365,-82.79812622,39.94661713,2036,60348,ohio,franklin,Central
366,-82.79812622,39.92369843,2036,60349,ohio,franklin,Central
367,-82.78094482,39.92369843,2036,60350,ohio,franklin,Central
368,-82.7866745,39.84348679,2036,60351,ohio,franklin,Central
369,-82.80958557,39.8377533,2036,60352,ohio,franklin,Central
370,-82.81532288,39.79764938,2036,60353,ohio,franklin,Central
371,-83.23931122,39.81483459,2036,60354,ohio,franklin,Central
372,-83.24504089,39.92369843,2036,60355,ohio,franklin,Central
373,-83.21638489,39.9294281,2036,60356,ohio,franklin,Central
374,-83.24504089,39.95807648,2036,60357,ohio,franklin,Central
375,-83.25076294,39.98672485,2036,60358,ohio,franklin,Central
376,-83.25649261,40.03256226,2036,60359,ohio,franklin,Central
377,-83.25076294,40.06120682,2036,60360,ohio,franklin,Central
378,-83.20493317,40.06120682,2036,60361,ohio,franklin,Central
379,-83.20493317,40.10704422,2036,60362,ohio,franklin,Central
380,-83.17054749,40.11850739,2036,60363,ohio,franklin,Central
381,-83.17054749,40.15288162,2036,60364,ohio,franklin,Central
382,-82.74656677,40.14142609,2036,60365,ohio,franklin,Central
383,-83.89247894,41.49360275,2037,60367,ohio,fulton,Northwest
384,-84.34511566,41.48787308,2037,60368,ohio,fulton,Northwest
385,-84.33938599,41.52225113,2037,60369,ohio,fulton,Northwest
386,-84.37376404,41.5279808,2037,60370,ohio,fulton,Northwest
387,-84.37376404,41.63111115,2037,60371,ohio,fulton,Northwest
388,-84.39668274,41.63111115,2037,60372,ohio,fulton,Northwest
389,-84.40241241,41.72278595,2037,60373,ohio,fulton,Northwest
390,-84.36803436,41.72278595,2037,60374,ohio,fulton,Northwest
391,-83.88674927,41.73997498,2037,60375,ohio,fulton,Northwest
392,-83.88101959,41.63111115,2037,60376,ohio,fulton,Northwest
393,-83.89247894,41.63111115,2037,60377,ohio,fulton,Northwest
394,-83.89247894,41.49360275,2037,60378,ohio,fulton,Northwest
395,-82.56894684,38.85799789,2038,60380,ohio,gallia,Southeast
396,-82.57467651,38.86945724,2038,60381,ohio,gallia,Southeast
397,-82.45436096,38.86372757,2038,60382,ohio,gallia,Southeast
398,-82.42570496,39.04707336,2038,60383,ohio,gallia,Southeast
399,-82.31684875,39.03561401,2038,60384,ohio,gallia,Southeast
400,-82.31684875,39.02988815,2038,60385,ohio,gallia,Southeast
401,-82.08193207,39.00123596,2038,60386,ohio,gallia,Southeast
402,-82.11631012,38.97258759,2038,60387,ohio,gallia,Southeast
403,-82.13922882,38.91529465,2038,60388,ohio,gallia,Southeast
404,-82.15068817,38.85226822,2038,60389,ohio,gallia,Southeast
405,-82.21943665,38.81216049,2038,60390,ohio,gallia,Southeast
406,-82.21943665,38.77778244,2038,60391,ohio,gallia,Southeast
407,-82.20225525,38.73194504,2038,60392,ohio,gallia,Southeast
408,-82.20225525,38.68038177,2038,60393,ohio,gallia,Southeast
409,-82.19652557,38.61735535,2038,60394,ohio,gallia,Southeast
410,-82.2137146,38.605896,2038,60395,ohio,gallia,Southeast
411,-82.27674103,38.60016632,2038,60396,ohio,gallia,Southeast
412,-82.28820038,38.58870697,2038,60397,ohio,gallia,Southeast
413,-82.35694885,38.60016632,2038,60398,ohio,gallia,Southeast
414,-82.35121918,38.69184113,2038,60399,ohio,gallia,Southeast
415,-82.46581268,38.6975708,2038,60400,ohio,gallia,Southeast
416,-82.46581268,38.75486374,2038,60401,ohio,gallia,Southeast
417,-82.48300171,38.76059723,2038,60402,ohio,gallia,Southeast
418,-82.48300171,38.78924179,2038,60403,ohio,gallia,Southeast
419,-82.57467651,38.79497147,2038,60404,ohio,gallia,Southeast
420,-82.56894684,38.85799789,2038,60405,ohio,gallia,Southeast
421,-81.004776,41.5050621,2039,60407,ohio,geauga,Northeast
422,-81.004776,41.36755371,2039,60408,ohio,geauga,Northeast
423,-81.39438629,41.36755371,2039,60409,ohio,geauga,Northeast
424,-81.38865662,41.44776535,2039,60410,ohio,geauga,Northeast
425,-81.37146759,41.44776535,2039,60411,ohio,geauga,Northeast
426,-81.37146759,41.47068405,2039,60412,ohio,geauga,Northeast
427,-81.39438629,41.47068405,2039,60413,ohio,geauga,Northeast
428,-81.38865662,41.58527374,2039,60414,ohio,geauga,Northeast
429,-81.29698181,41.58527374,2039,60415,ohio,geauga,Northeast
430,-81.29125214,41.65976334,2039,60416,ohio,geauga,Northeast
431,-81.10218048,41.6654892,2039,60417,ohio,geauga,Northeast
432,-81.09645081,41.7342453,2039,60418,ohio,geauga,Northeast
433,-81.01050568,41.7342453,2039,60419,ohio,geauga,Northeast
434,-81.004776,41.5050621,2039,60420,ohio,geauga,Northeast
435,-83.64038086,39.78046036,2040,60422,ohio,greene,Southwest
436,-83.64611053,39.71743393,2040,60423,ohio,greene,Southwest
437,-83.65756989,39.55127716,2040,60424,ohio,greene,Southwest
438,-83.97842407,39.57992554,2040,60425,ohio,greene,Southwest
439,-84.12739563,39.58565521,2040,60426,ohio,greene,Southwest
440,-84.09874725,39.84348679,2040,60427,ohio,greene,Southwest
441,-84.05863953,39.84348679,2040,60428,ohio,greene,Southwest
442,-84.05863953,39.85494232,2040,60429,ohio,greene,Southwest
443,-83.94404602,39.84921646,2040,60430,ohio,greene,Southwest
444,-83.94404602,39.83202744,2040,60431,ohio,greene,Southwest
445,-83.82945251,39.82629776,2040,60432,ohio,greene,Southwest
446,-83.82945251,39.80337906,2040,60433,ohio,greene,Southwest
447,-83.73778534,39.79764938,2040,60434,ohio,greene,Southwest
448,-83.73778534,39.78619003,2040,60435,ohio,greene,Southwest
449,-83.64038086,39.78046036,2040,60436,ohio,greene,Southwest
450,-81.22823334,39.96380615,2041,60438,ohio,guernsey,Southeast
451,-81.37146759,39.96380615,2041,60439,ohio,guernsey,Southeast
452,-81.37146759,39.9294281,2041,60440,ohio,guernsey,Southeast
453,-81.45168304,39.9294281,2041,60441,ohio,guernsey,Southeast
454,-81.45741272,39.91224289,2041,60442,ohio,guernsey,Southeast
455,-81.5719986,39.91224289,2041,60443,ohio,guernsey,Southeast
456,-81.57772827,39.85494232,2041,60444,ohio,guernsey,Southeast
457,-81.69232178,39.84921646,2041,60445,ohio,guernsey,Southeast
458,-81.6865921,39.94661713,2041,60446,ohio,guernsey,Southeast
459,-81.72097015,39.94661713,2041,60447,ohio,guernsey,Southeast
460,-81.71524048,40.16434097,2041,60448,ohio,guernsey,Southeast
461,-81.66940308,40.16434097,2041,60449,ohio,guernsey,Southeast
462,-81.66940308,40.24455643,2041,60450,ohio,guernsey,Southeast
463,-81.62356567,40.23882675,2041,60451,ohio,guernsey,Southeast
464,-81.33708954,40.22163773,2041,60452,ohio,guernsey,Southeast
465,-81.33135986,40.19298935,2041,60453,ohio,guernsey,Southeast
466,-81.22249603,40.18725967,2041,60454,ohio,guernsey,Southeast
467,-81.22823334,39.96380615,2041,60455,ohio,guernsey,Southeast
468,-84.25344086,39.27625656,2042,60457,ohio,hamilton,Southwest
469,-84.25917053,39.27052689,2042,60458,ohio,hamilton,Southwest
470,-84.27636719,39.25333786,2042,60459,ohio,hamilton,Southwest
471,-84.30500793,39.23615265,2042,60460,ohio,hamilton,Southwest
472,-84.31074524,39.23041916,2042,60461,ohio,hamilton,Southwest
473,-84.30500793,39.22468948,2042,60462,ohio,hamilton,Southwest
474,-84.28208923,39.21895981,2042,60463,ohio,hamilton,Southwest
475,-84.28208923,39.20750046,2042,60464,ohio,hamilton,Southwest
476,-84.29927826,39.17885208,2042,60465,ohio,hamilton,Southwest
477,-84.31074524,39.02415466,2042,60466,ohio,hamilton,Southwest
478,-84.34511566,39.04134369,2042,60467,ohio,hamilton,Southwest
479,-84.39095306,39.06426239,2042,60468,ohio,hamilton,Southwest
480,-84.41960144,39.08145142,2042,60469,ohio,hamilton,Southwest
481,-84.43106079,39.11009979,2042,60470,ohio,hamilton,Southwest
482,-84.45397949,39.12155914,2042,60471,ohio,hamilton,Southwest
483,-84.47689819,39.12155914,2042,60472,ohio,hamilton,Southwest
484,-84.51127625,39.10437012,2042,60473,ohio,hamilton,Southwest
485,-84.56856537,39.08718109,2042,60474,ohio,hamilton,Southwest
486,-84.62586975,39.08145142,2042,60475,ohio,hamilton,Southwest
487,-84.66596985,39.09290695,2042,60476,ohio,hamilton,Southwest
488,-84.71180725,39.11009979,2042,60477,ohio,hamilton,Southwest
489,-84.7461853,39.13301849,2042,60478,ohio,hamilton,Southwest
490,-84.78056335,39.13301849,2042,60479,ohio,hamilton,Southwest
491,-84.82067108,39.11582565,2042,60480,ohio,hamilton,Southwest
492,-84.82067108,39.31063461,2042,60481,ohio,hamilton,Southwest
493,-84.55138397,39.31636429,2042,60482,ohio,hamilton,Southwest
494,-84.34511566,39.29344559,2042,60483,ohio,hamilton,Southwest
495,-84.25344086,39.29344559,2042,60484,ohio,hamilton,Southwest
496,-84.25344086,39.27625656,2042,60485,ohio,hamilton,Southwest
497,-83.514328,40.82897186,2043,60487,ohio,hancock,Northwest
498,-83.88101959,40.82897186,2043,60488,ohio,hancock,Northwest
499,-83.88101959,40.92637253,2043,60489,ohio,hancock,Northwest
500,-83.88101959,41.17274475,2043,60490,ohio,hancock,Northwest
501,-83.4226532,41.17847443,2043,60491,ohio,hancock,Northwest
502,-83.41692352,41.00086212,2043,60492,ohio,hancock,Northwest
503,-83.4684906,41.00658798,2043,60493,ohio,hancock,Northwest
504,-83.4684906,40.96648026,2043,60494,ohio,hancock,Northwest
505,-83.48567963,40.96648026,2043,60495,ohio,hancock,Northwest
506,-83.4914093,40.91491699,2043,60496,ohio,hancock,Northwest
507,-83.514328,40.91491699,2043,60497,ohio,hancock,Northwest
508,-83.514328,40.82897186,2043,60498,ohio,hancock,Northwest
509,-83.88101959,40.64562607,2044,60500,ohio,hardin,Northwest
510,-83.88101959,40.82897186,2044,60501,ohio,hardin,Northwest
511,-83.514328,40.82897186,2044,60502,ohio,hardin,Northwest
512,-83.4914093,40.82897186,2044,60503,ohio,hardin,Northwest
513,-83.4914093,40.71438217,2044,60504,ohio,hardin,Northwest
514,-83.43411255,40.71438217,2044,60505,ohio,hardin,Northwest
515,-83.43411255,40.69719315,2044,60506,ohio,hardin,Northwest
516,-83.4226532,40.69719315,2044,60507,ohio,hardin,Northwest
517,-83.41692352,40.51957321,2044,60508,ohio,hardin,Northwest
518,-83.52005768,40.50811768,2044,60509,ohio,hardin,Northwest
519,-83.69194794,40.53676224,2044,60510,ohio,hardin,Northwest
520,-83.87528992,40.53676224,2044,60511,ohio,hardin,Northwest
521,-83.88101959,40.64562607,2044,60512,ohio,hardin,Northwest
522,-81.22249603,40.18725967,2045,60514,ohio,harrison,Northeast
523,-81.33135986,40.19298935,2045,60515,ohio,harrison,Northeast
524,-81.33708954,40.22163773,2045,60516,ohio,harrison,Northeast
525,-81.33135986,40.31904221,2045,60517,ohio,harrison,Northeast
526,-81.27979279,40.31904221,2045,60518,ohio,harrison,Northeast
527,-81.26833344,40.45081711,2045,60519,ohio,harrison,Northeast
528,-80.9360199,40.43936157,2045,60520,ohio,harrison,Northeast
529,-80.85580444,40.43936157,2045,60521,ohio,harrison,Northeast
530,-80.87299347,40.17580032,2045,60522,ohio,harrison,Northeast
531,-81.22249603,40.18725967,2045,60523,ohio,harrison,Northeast
532,-84.34511566,41.48787308,2046,60525,ohio,henry,Northwest
533,-83.89247894,41.49360275,2046,60526,ohio,henry,Northwest
534,-83.88674927,41.43058014,2046,60527,ohio,henry,Northwest
535,-83.88101959,41.17274475,2046,60528,ohio,henry,Northwest
536,-84.23625183,41.17274475,2046,60529,ohio,henry,Northwest
537,-84.23625183,41.43058014,2046,60530,ohio,henry,Northwest
538,-84.34511566,41.43058014,2046,60531,ohio,henry,Northwest
539,-84.34511566,41.48787308,2046,60532,ohio,henry,Northwest
540,-83.34816742,39.20750046,2047,60534,ohio,highland,Southwest
541,-83.37109375,39.06426239,2047,60535,ohio,highland,Southwest
542,-83.56589508,39.02988815,2047,60536,ohio,highland,Southwest
543,-83.66902161,39.02988815,2047,60537,ohio,highland,Southwest
544,-83.89820862,39.02988815,2047,60538,ohio,highland,Southwest
545,-83.88101959,39.25906754,2047,60539,ohio,highland,Southwest
546,-83.82373047,39.25906754,2047,60540,ohio,highland,Southwest
547,-83.82373047,39.23615265,2047,60541,ohio,highland,Southwest
548,-83.81227112,39.23615265,2047,60542,ohio,highland,Southwest
549,-83.79507446,39.24760818,2047,60543,ohio,highland,Southwest
550,-83.79507446,39.27052689,2047,60544,ohio,highland,Southwest
551,-83.58308411,39.38511658,2047,60545,ohio,highland,Southwest
552,-83.36536407,39.38511658,2047,60546,ohio,highland,Southwest
553,-83.37109375,39.36793137,2047,60547,ohio,highland,Southwest
554,-83.38254547,39.33928299,2047,60548,ohio,highland,Southwest
555,-83.38827515,39.29344559,2047,60549,ohio,highland,Southwest
556,-83.39400482,39.28771591,2047,60550,ohio,highland,Southwest
557,-83.38254547,39.25906754,2047,60551,ohio,highland,Southwest
558,-83.37109375,39.25906754,2047,60552,ohio,highland,Southwest
559,-83.3596344,39.26479721,2047,60553,ohio,highland,Southwest
560,-83.34816742,39.26479721,2047,60554,ohio,highland,Southwest
561,-83.34816742,39.25906754,2047,60555,ohio,highland,Southwest
562,-83.34816742,39.20750046,2047,60556,ohio,highland,Southwest
563,-82.72364807,39.47106171,2048,60558,ohio,hocking,Southeast
564,-82.71791077,39.56273651,2048,60559,ohio,hocking,Southeast
565,-82.71218872,39.57992554,2048,60560,ohio,hocking,Southeast
566,-82.60332489,39.56846237,2048,60561,ohio,hocking,Southeast
567,-82.60332489,39.61429977,2048,60562,ohio,hocking,Southeast
568,-82.48300171,39.61429977,2048,60563,ohio,hocking,Southeast
569,-82.47727203,39.66587067,2048,60564,ohio,hocking,Southeast
570,-82.37414551,39.66013718,2048,60565,ohio,hocking,Southeast
571,-82.37414551,39.6085701,2048,60566,ohio,hocking,Southeast
572,-82.26527405,39.60284424,2048,60567,ohio,hocking,Southeast
573,-82.26527405,39.57992554,2048,60568,ohio,hocking,Southeast
574,-82.16214752,39.56846237,2048,60569,ohio,hocking,Southeast
575,-82.1678772,39.48252487,2048,60570,ohio,hocking,Southeast
576,-82.27101135,39.48825073,2048,60571,ohio,hocking,Southeast
577,-82.2824707,39.39657974,2048,60572,ohio,hocking,Southeast
578,-82.50019836,39.40803528,2048,60573,ohio,hocking,Southeast
579,-82.50592804,39.38511658,2048,60574,ohio,hocking,Southeast
580,-82.62051392,39.39085007,2048,60575,ohio,hocking,Southeast
581,-82.62624359,39.37366104,2048,60576,ohio,hocking,Southeast
582,-82.73510742,39.37939072,2048,60577,ohio,hocking,Southeast
583,-82.72364807,39.47106171,2048,60578,ohio,hocking,Southeast
584,-82.12776947,40.68000412,2049,60580,ohio,holmes,Northeast
585,-81.64648438,40.68000412,2049,60581,ohio,holmes,Northeast
586,-81.64648438,40.65135574,2049,60582,ohio,holmes,Northeast
587,-81.66940308,40.65135574,2049,60583,ohio,holmes,Northeast
588,-81.66940308,40.64562607,2049,60584,ohio,holmes,Northeast
589,-81.66940308,40.63989639,2049,60585,ohio,holmes,Northeast
590,-81.65794373,40.63989639,2049,60586,ohio,holmes,Northeast
591,-81.6636734,40.46228027,2049,60587,ohio,holmes,Northeast
592,-81.70378113,40.45081711,2049,60588,ohio,holmes,Northeast
593,-82.17933655,40.47373581,2049,60589,ohio,holmes,Northeast
594,-82.17360687,40.58832932,2049,60590,ohio,holmes,Northeast
595,-82.22517395,40.58259964,2049,60591,ohio,holmes,Northeast
596,-82.22517395,40.68000412,2049,60592,ohio,holmes,Northeast
597,-82.12776947,40.68000412,2049,60593,ohio,holmes,Northeast
598,-82.43716431,41.00658798,2050,60595,ohio,huron,Northwest
599,-82.72364807,41.00658798,2050,60596,ohio,huron,Northwest
600,-82.8325119,41.00658798,2050,60597,ohio,huron,Northwest
601,-82.83823395,41.25868988,2050,60598,ohio,huron,Northwest
602,-82.83823395,41.30452728,2050,60599,ohio,huron,Northwest
603,-82.3454895,41.31025696,2050,60600,ohio,huron,Northwest
604,-82.3454895,41.08107376,2050,60601,ohio,huron,Northwest
605,-82.43143463,41.08107376,2050,60602,ohio,huron,Northwest
606,-82.43716431,41.00658798,2050,60603,ohio,huron,Northwest
607,-82.75229645,39.22468948,2051,60605,ohio,jackson,Southeast
608,-82.63770294,39.21895981,2051,60606,ohio,jackson,Southeast
609,-82.64343262,39.20750046,2051,60607,ohio,jackson,Southeast
610,-82.52310944,39.19604111,2051,60608,ohio,jackson,Southeast
611,-82.52310944,39.15593338,2051,60609,ohio,jackson,Southeast
612,-82.40852356,39.15020752,2051,60610,ohio,jackson,Southeast
613,-82.42570496,39.04707336,2051,60611,ohio,jackson,Southeast
614,-82.45436096,38.86372757,2051,60612,ohio,jackson,Southeast
615,-82.57467651,38.86945724,2051,60613,ohio,jackson,Southeast
616,-82.56894684,38.85799789,2051,60614,ohio,jackson,Southeast
617,-82.64343262,38.86372757,2051,60615,ohio,jackson,Southeast
618,-82.75229645,38.87518692,2051,60616,ohio,jackson,Southeast
619,-82.74656677,38.94966888,2051,60617,ohio,jackson,Southeast
620,-82.79812622,38.96113205,2051,60618,ohio,jackson,Southeast
621,-82.77521515,39.17885208,2051,60619,ohio,jackson,Southeast
622,-82.75229645,39.17885208,2051,60620,ohio,jackson,Southeast
623,-82.75229645,39.22468948,2051,60621,ohio,jackson,Southeast
624,-80.9360199,40.43936157,2052,60623,ohio,jefferson,Northeast
625,-80.9360199,40.4794693,2052,60624,ohio,jefferson,Northeast
626,-80.90737152,40.4794693,2052,60625,ohio,jefferson,Northeast
627,-80.90737152,40.56541061,2052,60626,ohio,jefferson,Northeast
628,-80.85580444,40.56541061,2052,60627,ohio,jefferson,Northeast
629,-80.85580444,40.61124802,2052,60628,ohio,jefferson,Northeast
630,-80.73548889,40.61124802,2052,60629,ohio,jefferson,Northeast
631,-80.73548889,40.59978867,2052,60630,ohio,jefferson,Northeast
632,-80.67245483,40.58832932,2052,60631,ohio,jefferson,Northeast
633,-80.62088776,40.502388,2052,60632,ohio,jefferson,Northeast
634,-80.60943604,40.46800995,2052,60633,ohio,jefferson,Northeast
635,-80.62661743,40.4336319,2052,60634,ohio,jefferson,Northeast
636,-80.62661743,40.4107132,2052,60635,ohio,jefferson,Northeast
637,-80.62661743,40.38206482,2052,60636,ohio,jefferson,Northeast
638,-80.61515808,40.33622742,2052,60637,ohio,jefferson,Northeast
639,-80.61515808,40.31330872,2052,60638,ohio,jefferson,Northeast
640,-80.63234711,40.27893448,2052,60639,ohio,jefferson,Northeast
641,-80.66099548,40.24455643,2052,60640,ohio,jefferson,Northeast
642,-80.68965149,40.19871902,2052,60641,ohio,jefferson,Northeast
643,-80.70683289,40.16434097,2052,60642,ohio,jefferson,Northeast
644,-80.75839996,40.17580032,2052,60643,ohio,jefferson,Northeast
645,-80.76412964,40.16434097,2052,60644,ohio,jefferson,Northeast
646,-80.87299347,40.17580032,2052,60645,ohio,jefferson,Northeast
647,-80.85580444,40.43936157,2052,60646,ohio,jefferson,Northeast
648,-80.9360199,40.43936157,2052,60647,ohio,jefferson,Northeast
649,-82.17933655,40.47373581,2053,60649,ohio,knox,Central
650,-82.20225525,40.2502861,2053,60650,ohio,knox,Central
651,-82.48300171,40.26174545,2053,60651,ohio,knox,Central
652,-82.48300171,40.27893448,2053,60652,ohio,knox,Central
653,-82.73510742,40.2961235,2053,60653,ohio,knox,Central
654,-82.72937775,40.37060547,2053,60654,ohio,knox,Central
655,-82.63197327,40.37060547,2053,60655,ohio,knox,Central
656,-82.61478424,40.54249191,2053,60656,ohio,knox,Central
657,-82.63197327,40.5482254,2053,60657,ohio,knox,Central
658,-82.63197327,40.56541061,2053,60658,ohio,knox,Central
659,-82.61478424,40.56541061,2053,60659,ohio,knox,Central
660,-82.52310944,40.56541061,2053,60660,ohio,knox,Central
661,-82.40278625,40.56541061,2053,60661,ohio,knox,Central
662,-82.33403778,40.56541061,2053,60662,ohio,knox,Central
663,-82.22517395,40.58259964,2053,60663,ohio,knox,Central
664,-82.17360687,40.58832932,2053,60664,ohio,knox,Central
665,-82.17933655,40.47373581,2053,60665,ohio,knox,Central
666,-81.38865662,41.58527374,2054,60667,ohio,lake,Northeast
667,-81.48032379,41.59100723,2054,60668,ohio,lake,Northeast
668,-81.48032379,41.64257431,2054,60669,ohio,lake,Northeast
669,-81.36000824,41.72278595,2054,60670,ohio,lake,Northeast
670,-81.33708954,41.76289368,2054,60671,ohio,lake,Northeast
671,-81.27406311,41.77435303,2054,60672,ohio,lake,Northeast
672,-81.1594696,41.79727173,2054,60673,ohio,lake,Northeast
673,-81.10218048,41.83737946,2054,60674,ohio,lake,Northeast
674,-81.03914642,41.86029816,2054,60675,ohio,lake,Northeast
675,-81.004776,41.86029816,2054,60676,ohio,lake,Northeast
676,-81.01050568,41.7342453,2054,60677,ohio,lake,Northeast
677,-81.09645081,41.7342453,2054,60678,ohio,lake,Northeast
678,-81.10218048,41.6654892,2054,60679,ohio,lake,Northeast
679,-81.29125214,41.65976334,2054,60680,ohio,lake,Northeast
680,-81.29698181,41.58527374,2054,60681,ohio,lake,Northeast
681,-81.38865662,41.58527374,2054,60682,ohio,lake,Northeast
682,-82.64343262,38.86372757,2055,60684,ohio,lawrence,Southeast
683,-82.56894684,38.85799789,2055,60685,ohio,lawrence,Southeast
684,-82.57467651,38.79497147,2055,60686,ohio,lawrence,Southeast
685,-82.48300171,38.78924179,2055,60687,ohio,lawrence,Southeast
686,-82.48300171,38.76059723,2055,60688,ohio,lawrence,Southeast
687,-82.46581268,38.75486374,2055,60689,ohio,lawrence,Southeast
688,-82.46581268,38.6975708,2055,60690,ohio,lawrence,Southeast
689,-82.35121918,38.69184113,2055,60691,ohio,lawrence,Southeast
690,-82.35694885,38.60016632,2055,60692,ohio,lawrence,Southeast
691,-82.28820038,38.58870697,2055,60693,ohio,lawrence,Southeast
692,-82.32830811,38.4683876,2055,60694,ohio,lawrence,Southeast
693,-82.49446106,38.42827988,2055,60695,ohio,lawrence,Southeast
694,-82.56894684,38.42827988,2055,60696,ohio,lawrence,Southeast
695,-82.57467651,38.43973923,2055,60697,ohio,lawrence,Southeast
696,-82.58613586,38.45119858,2055,60698,ohio,lawrence,Southeast
697,-82.61478424,38.48557663,2055,60699,ohio,lawrence,Southeast
698,-82.63770294,38.51995087,2055,60700,ohio,lawrence,Southeast
699,-82.70072937,38.56578827,2055,60701,ohio,lawrence,Southeast
700,-82.79812622,38.59443665,2055,60702,ohio,lawrence,Southeast
701,-82.73510742,38.62308502,2055,60703,ohio,lawrence,Southeast
702,-82.75229645,38.66318893,2055,60704,ohio,lawrence,Southeast
703,-82.75801849,38.68610764,2055,60705,ohio,lawrence,Southeast
704,-82.75229645,38.70902634,2055,60706,ohio,lawrence,Southeast
705,-82.68927002,38.70329666,2055,60707,ohio,lawrence,Southeast
706,-82.68354034,38.77778244,2055,60708,ohio,lawrence,Southeast
707,-82.66062164,38.77778244,2055,60709,ohio,lawrence,Southeast
708,-82.64343262,38.86372757,2055,60710,ohio,lawrence,Southeast
709,-82.45436096,39.9294281,2056,60712,ohio,licking,Central
710,-82.75801849,39.94088745,2056,60713,ohio,licking,Central
711,-82.74656677,40.14142609,2056,60714,ohio,licking,Central
712,-82.73510742,40.2961235,2056,60715,ohio,licking,Central
713,-82.48300171,40.27893448,2056,60716,ohio,licking,Central
714,-82.48300171,40.26174545,2056,60717,ohio,licking,Central
715,-82.20225525,40.2502861,2056,60718,ohio,licking,Central
716,-82.17933655,40.2502861,2056,60719,ohio,licking,Central
717,-82.1907959,40.18725967,2056,60720,ohio,licking,Central
718,-82.20225525,39.96380615,2056,60721,ohio,licking,Central
719,-82.23090363,39.96953583,2056,60722,ohio,licking,Central
720,-82.2366333,39.91796875,2056,60723,ohio,licking,Central
721,-82.45436096,39.9294281,2056,60724,ohio,licking,Central
722,-83.98988342,40.48519897,2057,60726,ohio,logan,Central
723,-83.98988342,40.54249191,2057,60727,ohio,logan,Central
724,-83.87528992,40.53676224,2057,60728,ohio,logan,Central
725,-83.69194794,40.53676224,2057,60729,ohio,logan,Central
726,-83.52005768,40.50811768,2057,60730,ohio,logan,Central
727,-83.55443573,40.24455643,2057,60731,ohio,logan,Central
728,-83.78361511,40.26174545,2057,60732,ohio,logan,Central
729,-83.79507446,40.26747131,2057,60733,ohio,logan,Central
730,-84.0185318,40.27893448,2057,60734,ohio,logan,Central
731,-84.01280212,40.30757904,2057,60735,ohio,logan,Central
732,-84.00134277,40.30185318,2057,60736,ohio,logan,Central
733,-83.9956131,40.39352417,2057,60737,ohio,logan,Central
734,-83.98988342,40.39352417,2057,60738,ohio,logan,Central
735,-83.98988342,40.48519897,2057,60739,ohio,logan,Central
736,-82.3454895,41.31025696,2058,60741,ohio,lorain,Northeast
737,-82.35121918,41.43058014,2058,60742,ohio,lorain,Northeast
738,-82.28820038,41.44203568,2058,60743,ohio,lorain,Northeast
739,-82.17360687,41.47068405,2058,60744,ohio,lorain,Northeast
740,-82.05901337,41.51079178,2058,60745,ohio,lorain,Northeast
741,-81.96161652,41.5050621,2058,60746,ohio,lorain,Northeast
742,-81.97306824,41.36755371,2058,60747,ohio,lorain,Northeast
743,-81.86994171,41.36755371,2058,60748,ohio,lorain,Northeast
744,-81.86994171,41.29306793,2058,60749,ohio,lorain,Northeast
745,-81.96734619,41.29306793,2058,60750,ohio,lorain,Northeast
746,-81.96734619,41.21858215,2058,60751,ohio,lorain,Northeast
747,-82.06474304,41.21858215,2058,60752,ohio,lorain,Northeast
748,-82.06474304,41.14410019,2058,60753,ohio,lorain,Northeast
749,-82.16214752,41.14410019,2058,60754,ohio,lorain,Northeast
750,-82.1678772,41.07534409,2058,60755,ohio,lorain,Northeast
751,-82.3454895,41.08107376,2058,60756,ohio,lorain,Northeast
752,-82.3454895,41.31025696,2058,60757,ohio,lorain,Northeast
753,-83.89247894,41.49360275,2059,60759,ohio,lucas,Northwest
754,-83.89247894,41.63111115,2059,60760,ohio,lucas,Northwest
755,-83.88101959,41.63111115,2059,60761,ohio,lucas,Northwest
756,-83.88674927,41.73997498,2059,60762,ohio,lucas,Northwest
757,-83.77216339,41.73997498,2059,60763,ohio,lucas,Northwest
758,-83.4455719,41.75143433,2059,60764,ohio,lucas,Northwest
759,-83.4684906,41.72278595,2059,60765,ohio,lucas,Northwest
760,-83.49713898,41.6654892,2059,60766,ohio,lucas,Northwest
761,-83.4684906,41.68268204,2059,60767,ohio,lucas,Northwest
762,-83.43411255,41.69413757,2059,60768,ohio,lucas,Northwest
763,-83.39400482,41.69986725,2059,60769,ohio,lucas,Northwest
764,-83.36536407,41.69986725,2059,60770,ohio,lucas,Northwest
765,-83.34816742,41.71705627,2059,60771,ohio,lucas,Northwest
766,-83.32525635,41.71705627,2059,60772,ohio,lucas,Northwest
767,-83.28514862,41.6884079,2059,60773,ohio,lucas,Northwest
768,-83.25076294,41.65976334,2059,60774,ohio,lucas,Northwest
769,-83.21065521,41.64830017,2059,60775,ohio,lucas,Northwest
770,-83.16482544,41.63684464,2059,60776,ohio,lucas,Northwest
771,-83.4226532,41.62538147,2059,60777,ohio,lucas,Northwest
772,-83.58308411,41.62538147,2059,60778,ohio,lucas,Northwest
773,-83.60600281,41.59673691,2059,60779,ohio,lucas,Northwest
774,-83.67475891,41.56235504,2059,60780,ohio,lucas,Northwest
775,-83.70912933,41.53944016,2059,60781,ohio,lucas,Northwest
776,-83.71485901,41.52225113,2059,60782,ohio,lucas,Northwest
777,-83.74923706,41.49360275,2059,60783,ohio,lucas,Northwest
778,-83.79507446,41.45349884,2059,60784,ohio,lucas,Northwest
779,-83.85237122,41.43058014,2059,60785,ohio,lucas,Northwest
780,-83.88674927,41.43058014,2059,60786,ohio,lucas,Northwest
781,-83.89247894,41.49360275,2059,60787,ohio,lucas,Northwest
782,-83.64611053,39.71743393,2060,60789,ohio,madison,Central
783,-83.64038086,39.78046036,2060,60790,ohio,madison,Central
784,-83.58881378,39.77473068,2060,60791,ohio,madison,Central
785,-83.514328,40.01537323,2060,60792,ohio,madison,Central
786,-83.50859833,40.11850739,2060,60793,ohio,madison,Central
787,-83.20493317,40.10704422,2060,60794,ohio,madison,Central
788,-83.20493317,40.06120682,2060,60795,ohio,madison,Central
789,-83.25076294,40.06120682,2060,60796,ohio,madison,Central
790,-83.25649261,40.03256226,2060,60797,ohio,madison,Central
791,-83.25076294,39.98672485,2060,60798,ohio,madison,Central
792,-83.24504089,39.95807648,2060,60799,ohio,madison,Central
793,-83.21638489,39.9294281,2060,60800,ohio,madison,Central
794,-83.24504089,39.92369843,2060,60801,ohio,madison,Central
795,-83.23931122,39.81483459,2060,60802,ohio,madison,Central
796,-83.24504089,39.7002449,2060,60803,ohio,madison,Central
797,-83.64611053,39.71743393,2060,60804,ohio,madison,Central
798,-80.99904633,41.14410019,2061,60806,ohio,mahoning,Northeast
799,-80.52349091,41.13263702,2061,60807,ohio,mahoning,Northeast
800,-80.51776123,41.12691116,2061,60808,ohio,mahoning,Northeast
801,-80.51203156,40.90918732,2061,60809,ohio,mahoning,Northeast
802,-80.80423737,40.91491699,2061,60810,ohio,mahoning,Northeast
803,-80.80996704,40.93783569,2061,60811,ohio,mahoning,Northeast
804,-80.88445282,40.94356537,2061,60812,ohio,mahoning,Northeast
805,-80.88445282,40.91491699,2061,60813,ohio,mahoning,Northeast
806,-81.07925415,40.91491699,2061,60814,ohio,mahoning,Northeast
807,-81.07925415,41.00658798,2061,60815,ohio,mahoning,Northeast
808,-80.99904633,41.01231766,2061,60816,ohio,mahoning,Northeast
809,-80.99904633,41.14410019,2061,60817,ohio,mahoning,Northeast
810,-83.41692352,40.51957321,2062,60819,ohio,marion,Central
811,-83.4226532,40.69719315,2062,60820,ohio,marion,Central
812,-83.30233002,40.70292282,2062,60821,ohio,marion,Central
813,-83.29660034,40.71438217,2062,60822,ohio,marion,Central
814,-83.10752869,40.71438217,2062,60823,ohio,marion,Central
815,-82.8496933,40.71438217,2062,60824,ohio,marion,Central
816,-82.8496933,40.66281509,2062,60825,ohio,marion,Central
817,-82.94709778,40.66281509,2062,60826,ohio,marion,Central
818,-82.95283508,40.502388,2062,60827,ohio,marion,Central
819,-83.02158356,40.49092865,2062,60828,ohio,marion,Central
820,-83.02158356,40.4336319,2062,60829,ohio,marion,Central
821,-83.24504089,40.45081711,2062,60830,ohio,marion,Central
822,-83.25076294,40.5253067,2062,60831,ohio,marion,Central
823,-83.41692352,40.51957321,2062,60832,ohio,marion,Central
824,-81.68087006,41.00658798,2063,60834,ohio,medina,Northeast
825,-82.12776947,41.00658798,2063,60835,ohio,medina,Northeast
826,-82.1678772,41.00658798,2063,60836,ohio,medina,Northeast
827,-82.1678772,41.07534409,2063,60837,ohio,medina,Northeast
828,-82.16214752,41.14410019,2063,60838,ohio,medina,Northeast
829,-82.06474304,41.14410019,2063,60839,ohio,medina,Northeast
830,-82.06474304,41.21858215,2063,60840,ohio,medina,Northeast
831,-81.96734619,41.21858215,2063,60841,ohio,medina,Northeast
832,-81.96734619,41.29306793,2063,60842,ohio,medina,Northeast
833,-81.86994171,41.29306793,2063,60843,ohio,medina,Northeast
834,-81.67513275,41.28733826,2063,60844,ohio,medina,Northeast
835,-81.68087006,41.00658798,2063,60845,ohio,medina,Northeast
836,-81.75534821,39.11582565,2064,60847,ohio,meigs,Southeast
837,-81.77253723,39.09290695,2064,60848,ohio,meigs,Southeast
838,-81.82410431,39.08718109,2064,60849,ohio,meigs,Southeast
839,-81.82410431,39.05853271,2064,60850,ohio,meigs,Southeast
840,-81.77826691,39.02415466,2064,60851,ohio,meigs,Southeast
841,-81.78399658,38.98405075,2064,60852,ohio,meigs,Southeast
842,-81.77253723,38.94394302,2064,60853,ohio,meigs,Southeast
843,-81.82410431,38.94966888,2064,60854,ohio,meigs,Southeast
844,-81.84702301,38.94966888,2064,60855,ohio,meigs,Southeast
845,-81.86994171,38.9038353,2064,60856,ohio,meigs,Southeast
846,-81.89858246,38.89237595,2064,60857,ohio,meigs,Southeast
847,-81.92150879,38.89237595,2064,60858,ohio,meigs,Southeast
848,-81.93296051,38.89237595,2064,60859,ohio,meigs,Southeast
849,-81.91577911,38.926754,2064,60860,ohio,meigs,Southeast
850,-81.91004944,38.96113205,2064,60861,ohio,meigs,Southeast
851,-81.93296051,38.98977661,2064,60862,ohio,meigs,Southeast
852,-81.99025726,39.00696945,2064,60863,ohio,meigs,Southeast
853,-82.03036499,39.02988815,2064,60864,ohio,meigs,Southeast
854,-82.08193207,39.00123596,2064,60865,ohio,meigs,Southeast
855,-82.31684875,39.02988815,2064,60866,ohio,meigs,Southeast
856,-82.31684875,39.03561401,2064,60867,ohio,meigs,Southeast
857,-82.29393005,39.21323395,2064,60868,ohio,meigs,Southeast
858,-82.27101135,39.21323395,2064,60869,ohio,meigs,Southeast
859,-81.74961853,39.19031525,2064,60870,ohio,meigs,Southeast
860,-81.75534821,39.11582565,2064,60871,ohio,meigs,Southeast
861,-84.81494141,40.35341644,2065,60873,ohio,mercer,Northwest
862,-84.80921936,40.56541061,2065,60874,ohio,mercer,Northwest
863,-84.81494141,40.73730087,2065,60875,ohio,mercer,Northwest
864,-84.45970917,40.7315712,2065,60876,ohio,mercer,Northwest
865,-84.46543884,40.68000412,2065,60877,ohio,mercer,Northwest
866,-84.45970917,40.35341644,2065,60878,ohio,mercer,Northwest
867,-84.81494141,40.35341644,2065,60879,ohio,mercer,Northwest
868,-84.43106079,39.9294281,2066,60881,ohio,miami,Southwest
869,-84.43106079,40.2044487,2066,60882,ohio,miami,Southwest
870,-84.23625183,40.2044487,2066,60883,ohio,miami,Southwest
871,-84.02426147,40.18725967,2066,60884,ohio,miami,Southwest
872,-84.02998352,40.04975128,2066,60885,ohio,miami,Southwest
873,-84.05290985,39.8835907,2066,60886,ohio,miami,Southwest
874,-84.16176605,39.89505386,2066,60887,ohio,miami,Southwest
875,-84.16749573,39.90077972,2066,60888,ohio,miami,Southwest
876,-84.16176605,39.9294281,2066,60889,ohio,miami,Southwest
877,-84.43106079,39.9294281,2066,60890,ohio,miami,Southwest
878,-80.82715607,39.860672,2067,60892,ohio,monroe,Southeast
879,-80.82715607,39.82629776,2067,60893,ohio,monroe,Southeast
880,-80.85580444,39.78046036,2067,60894,ohio,monroe,Southeast
881,-80.83861542,39.73462296,2067,60895,ohio,monroe,Southeast
882,-80.83861542,39.7231636,2067,60896,ohio,monroe,Southeast
883,-80.86153412,39.7002449,2067,60897,ohio,monroe,Southeast
884,-80.88445282,39.63721848,2067,60898,ohio,monroe,Southeast
885,-80.91883087,39.62003326,2067,60899,ohio,monroe,Southeast
886,-80.98757935,39.59711456,2067,60900,ohio,monroe,Southeast
887,-81.02768707,39.55700684,2067,60901,ohio,monroe,Southeast
888,-81.02768707,39.58565521,2067,60902,ohio,monroe,Southeast
889,-81.25114441,39.59711456,2067,60903,ohio,monroe,Southeast
890,-81.25114441,39.62003326,2067,60904,ohio,monroe,Southeast
891,-81.28552246,39.62003326,2067,60905,ohio,monroe,Southeast
892,-81.27406311,39.71743393,2067,60906,ohio,monroe,Southeast
893,-81.31417084,39.7231636,2067,60907,ohio,monroe,Southeast
894,-81.30844116,39.8835907,2067,60908,ohio,monroe,Southeast
895,-81.22823334,39.8835907,2067,60909,ohio,monroe,Southeast
896,-80.82715607,39.860672,2067,60910,ohio,monroe,Southeast
897,-84.43106079,39.9294281,2068,60912,ohio,montgomery,Southwest
898,-84.16176605,39.9294281,2068,60913,ohio,montgomery,Southwest
899,-84.16749573,39.90077972,2068,60914,ohio,montgomery,Southwest
900,-84.16176605,39.89505386,2068,60915,ohio,montgomery,Southwest
901,-84.05290985,39.8835907,2068,60916,ohio,montgomery,Southwest
902,-84.05863953,39.85494232,2068,60917,ohio,montgomery,Southwest
903,-84.05863953,39.84348679,2068,60918,ohio,montgomery,Southwest
904,-84.09874725,39.84348679,2068,60919,ohio,montgomery,Southwest
905,-84.12739563,39.58565521,2068,60920,ohio,montgomery,Southwest
906,-84.35084534,39.59711456,2068,60921,ohio,montgomery,Southwest
907,-84.48262024,39.59711456,2068,60922,ohio,montgomery,Southwest
908,-84.48835754,39.91796875,2068,60923,ohio,montgomery,Southwest
909,-84.43106079,39.9294281,2068,60924,ohio,montgomery,Southwest
910,-81.69805145,39.76900101,2069,60926,ohio,morgan,Southeast
911,-81.64076233,39.75754166,2069,60927,ohio,morgan,Southeast
912,-81.64076233,39.68878937,2069,60928,ohio,morgan,Southeast
913,-81.57772827,39.68878937,2069,60929,ohio,morgan,Southeast
914,-81.58345795,39.60284424,2069,60930,ohio,morgan,Southeast
915,-81.69805145,39.60284424,2069,60931,ohio,morgan,Southeast
916,-81.71524048,39.59711456,2069,60932,ohio,morgan,Southeast
917,-81.71524048,39.57992554,2069,60933,ohio,morgan,Southeast
918,-81.72097015,39.55700684,2069,60934,ohio,morgan,Southeast
919,-81.7095108,39.54554367,2069,60935,ohio,morgan,Southeast
920,-81.71524048,39.50543976,2069,60936,ohio,morgan,Southeast
921,-81.74961853,39.51116943,2069,60937,ohio,morgan,Southeast
922,-81.75534821,39.51116943,2069,60938,ohio,morgan,Southeast
923,-81.81837463,39.51689911,2069,60939,ohio,morgan,Southeast
924,-81.82410431,39.47106171,2069,60940,ohio,morgan,Southeast
925,-81.83556366,39.46533203,2069,60941,ohio,morgan,Southeast
926,-82.05901337,39.47106171,2069,60942,ohio,morgan,Southeast
927,-82.04756165,39.56846237,2069,60943,ohio,morgan,Southeast
928,-82.02463531,39.72889328,2069,60944,ohio,morgan,Southeast
929,-82.08193207,39.73462296,2069,60945,ohio,morgan,Southeast
930,-82.07620239,39.78046036,2069,60946,ohio,morgan,Southeast
931,-81.69805145,39.76900101,2069,60947,ohio,morgan,Southeast
932,-82.8496933,40.71438217,2070,60949,ohio,morrow,Central
933,-82.8496933,40.7315712,2070,60950,ohio,morrow,Central
934,-82.72364807,40.72584152,2070,60951,ohio,morrow,Central
935,-82.61478424,40.7315712,2070,60952,ohio,morrow,Central
936,-82.61478424,40.68000412,2070,60953,ohio,morrow,Central
937,-82.63197327,40.68000412,2070,60954,ohio,morrow,Central
938,-82.63197327,40.65708542,2070,60955,ohio,morrow,Central
939,-82.61478424,40.66281509,2070,60956,ohio,morrow,Central
940,-82.61478424,40.56541061,2070,60957,ohio,morrow,Central
941,-82.63197327,40.56541061,2070,60958,ohio,morrow,Central
942,-82.63197327,40.5482254,2070,60959,ohio,morrow,Central
943,-82.61478424,40.54249191,2070,60960,ohio,morrow,Central
944,-82.63197327,40.37060547,2070,60961,ohio,morrow,Central
945,-82.72937775,40.37060547,2070,60962,ohio,morrow,Central
946,-82.92417908,40.37060547,2070,60963,ohio,morrow,Central
947,-82.92417908,40.42790222,2070,60964,ohio,morrow,Central
948,-83.01585388,40.4336319,2070,60965,ohio,morrow,Central
949,-83.02158356,40.4336319,2070,60966,ohio,morrow,Central
950,-83.02158356,40.49092865,2070,60967,ohio,morrow,Central
951,-82.95283508,40.502388,2070,60968,ohio,morrow,Central
952,-82.94709778,40.66281509,2070,60969,ohio,morrow,Central
953,-82.8496933,40.66281509,2070,60970,ohio,morrow,Central
954,-82.8496933,40.71438217,2070,60971,ohio,morrow,Central
955,-81.69232178,39.84921646,2071,60973,ohio,muskingum,Southeast
956,-81.69805145,39.76900101,2071,60974,ohio,muskingum,Southeast
957,-82.07620239,39.78046036,2071,60975,ohio,muskingum,Southeast
958,-82.06474304,39.81483459,2071,60976,ohio,muskingum,Southeast
959,-82.17360687,39.82629776,2071,60977,ohio,muskingum,Southeast
960,-82.1678772,39.91796875,2071,60978,ohio,muskingum,Southeast
961,-82.2366333,39.91796875,2071,60979,ohio,muskingum,Southeast
962,-82.23090363,39.96953583,2071,60980,ohio,muskingum,Southeast
963,-82.20225525,39.96380615,2071,60981,ohio,muskingum,Southeast
964,-82.1907959,40.18725967,2071,60982,ohio,muskingum,Southeast
965,-81.71524048,40.16434097,2071,60983,ohio,muskingum,Southeast
966,-81.72097015,39.94661713,2071,60984,ohio,muskingum,Southeast
967,-81.6865921,39.94661713,2071,60985,ohio,muskingum,Southeast
968,-81.69232178,39.84921646,2071,60986,ohio,muskingum,Southeast
969,-81.69232178,39.84921646,2072,60988,ohio,noble,Southeast
970,-81.57772827,39.85494232,2072,60989,ohio,noble,Southeast
971,-81.5719986,39.91224289,2072,60990,ohio,noble,Southeast
972,-81.45741272,39.91224289,2072,60991,ohio,noble,Southeast
973,-81.45168304,39.9294281,2072,60992,ohio,noble,Southeast
974,-81.37146759,39.9294281,2072,60993,ohio,noble,Southeast
975,-81.37146759,39.96380615,2072,60994,ohio,noble,Southeast
976,-81.22823334,39.96380615,2072,60995,ohio,noble,Southeast
977,-81.22823334,39.8835907,2072,60996,ohio,noble,Southeast
978,-81.30844116,39.8835907,2072,60997,ohio,noble,Southeast
979,-81.31417084,39.7231636,2072,60998,ohio,noble,Southeast
980,-81.27406311,39.71743393,2072,60999,ohio,noble,Southeast
981,-81.28552246,39.62003326,2072,61000,ohio,noble,Southeast
982,-81.28552246,39.60284424,2072,61001,ohio,noble,Southeast
983,-81.33708954,39.6085701,2072,61002,ohio,noble,Southeast
984,-81.34281921,39.61429977,2072,61003,ohio,noble,Southeast
985,-81.38292694,39.62003326,2072,61004,ohio,noble,Southeast
986,-81.38865662,39.6314888,2072,61005,ohio,noble,Southeast
987,-81.41157532,39.6314888,2072,61006,ohio,noble,Southeast
988,-81.41157532,39.64295197,2072,61007,ohio,noble,Southeast
989,-81.44594574,39.64295197,2072,61008,ohio,noble,Southeast
990,-81.45168304,39.66013718,2072,61009,ohio,noble,Southeast
991,-81.46887207,39.66587067,2072,61010,ohio,noble,Southeast
992,-81.46887207,39.59711456,2072,61011,ohio,noble,Southeast
993,-81.58345795,39.60284424,2072,61012,ohio,noble,Southeast
994,-81.57772827,39.68878937,2072,61013,ohio,noble,Southeast
995,-81.64076233,39.68878937,2072,61014,ohio,noble,Southeast
996,-81.64076233,39.75754166,2072,61015,ohio,noble,Southeast
997,-81.69805145,39.76900101,2072,61016,ohio,noble,Southeast
998,-81.69232178,39.84921646,2072,61017,ohio,noble,Southeast
999,-83.4226532,41.62538147,2073,61019,ohio,ottawa,Northwest
1000,-83.16482544,41.63684464,2073,61020,ohio,ottawa,Northwest
1001,-83.12471008,41.63111115,2073,61021,ohio,ottawa,Northwest
1002,-83.07315063,41.60819244,2073,61022,ohio,ottawa,Northwest
1003,-83.03304291,41.57954788,2073,61023,ohio,ottawa,Northwest
1004,-82.98147583,41.55089951,2073,61024,ohio,ottawa,Northwest
1005,-82.9413681,41.53944016,2073,61025,ohio,ottawa,Northwest
1006,-82.88407135,41.53944016,2073,61026,ohio,ottawa,Northwest
1007,-82.85542297,41.55089951,2073,61027,ohio,ottawa,Northwest
1008,-82.8496933,41.59673691,2073,61028,ohio,ottawa,Northwest
1009,-82.8038559,41.59673691,2073,61029,ohio,ottawa,Northwest
1010,-82.79812622,41.57954788,2073,61030,ohio,ottawa,Northwest
1011,-82.7866745,41.55089951,2073,61031,ohio,ottawa,Northwest
1012,-82.72937775,41.55089951,2073,61032,ohio,ottawa,Northwest
1013,-82.71791077,41.54516983,2073,61033,ohio,ottawa,Northwest
1014,-82.72937775,41.5279808,2073,61034,ohio,ottawa,Northwest
1015,-82.75801849,41.51652145,2073,61035,ohio,ottawa,Northwest
1016,-82.94709778,41.49360275,2073,61036,ohio,ottawa,Northwest
1017,-82.97574615,41.47068405,2073,61037,ohio,ottawa,Northwest
1018,-82.99867249,41.47068405,2073,61038,ohio,ottawa,Northwest
1019,-83.02158356,41.47068405,2073,61039,ohio,ottawa,Northwest
1020,-83.04450226,41.46495438,2073,61040,ohio,ottawa,Northwest
1021,-83.33670807,41.47068405,2073,61041,ohio,ottawa,Northwest
1022,-83.34816742,41.51652145,2073,61042,ohio,ottawa,Northwest
1023,-83.4226532,41.51079178,2073,61043,ohio,ottawa,Northwest
1024,-83.4226532,41.62538147,2073,61044,ohio,ottawa,Northwest
1025,-84.80348206,40.99512863,2074,61046,ohio,paulding,Northwest
1026,-84.80348206,41.25868988,2074,61047,ohio,paulding,Northwest
1027,-84.46543884,41.25868988,2074,61048,ohio,paulding,Northwest
1028,-84.45970917,41.22431183,2074,61049,ohio,paulding,Northwest
1029,-84.35084534,41.21858215,2074,61050,ohio,paulding,Northwest
1030,-84.35084534,41.17274475,2074,61051,ohio,paulding,Northwest
1031,-84.35658264,40.99512863,2074,61052,ohio,paulding,Northwest
1032,-84.40241241,40.99512863,2074,61053,ohio,paulding,Northwest
1033,-84.80348206,40.99512863,2074,61054,ohio,paulding,Northwest
1034,-82.37414551,39.66013718,2075,61056,ohio,perry,Southeast
1035,-82.36841583,39.75181198,2075,61057,ohio,perry,Southeast
1036,-82.39705658,39.75181198,2075,61058,ohio,perry,Southeast
1037,-82.3913269,39.8377533,2075,61059,ohio,perry,Southeast
1038,-82.46581268,39.84348679,2075,61060,ohio,perry,Southeast
1039,-82.45436096,39.9294281,2075,61061,ohio,perry,Southeast
1040,-82.2366333,39.91796875,2075,61062,ohio,perry,Southeast
1041,-82.1678772,39.91796875,2075,61063,ohio,perry,Southeast
1042,-82.17360687,39.82629776,2075,61064,ohio,perry,Southeast
1043,-82.06474304,39.81483459,2075,61065,ohio,perry,Southeast
1044,-82.07620239,39.78046036,2075,61066,ohio,perry,Southeast
1045,-82.08193207,39.73462296,2075,61067,ohio,perry,Southeast
1046,-82.02463531,39.72889328,2075,61068,ohio,perry,Southeast
1047,-82.04756165,39.56846237,2075,61069,ohio,perry,Southeast
1048,-82.16214752,39.56846237,2075,61070,ohio,perry,Southeast
1049,-82.26527405,39.57992554,2075,61071,ohio,perry,Southeast
1050,-82.26527405,39.60284424,2075,61072,ohio,perry,Southeast
1051,-82.37414551,39.6085701,2075,61073,ohio,perry,Southeast
1052,-82.37414551,39.66013718,2075,61074,ohio,perry,Southeast
1053,-82.71791077,39.56273651,2076,61076,ohio,pickaway,Central
1054,-82.72364807,39.47106171,2076,61077,ohio,pickaway,Central
1055,-82.98720551,39.49398041,2076,61078,ohio,pickaway,Central
1056,-82.98147583,39.51116943,2076,61079,ohio,pickaway,Central
1057,-83.26222229,39.51689911,2076,61080,ohio,pickaway,Central
1058,-83.24504089,39.7002449,2076,61081,ohio,pickaway,Central
1059,-83.23931122,39.81483459,2076,61082,ohio,pickaway,Central
1060,-82.81532288,39.79764938,2076,61083,ohio,pickaway,Central
1061,-82.82678223,39.56846237,2076,61084,ohio,pickaway,Central
1062,-82.71791077,39.56273651,2076,61085,ohio,pickaway,Central
1063,-83.37109375,39.06426239,2077,61087,ohio,pike,Southeast
1064,-83.34816742,39.20750046,2077,61088,ohio,pike,Southeast
1065,-82.77521515,39.17885208,2077,61089,ohio,pike,Southeast
1066,-82.79812622,38.96113205,2077,61090,ohio,pike,Southeast
1067,-83.21065521,38.97831726,2077,61091,ohio,pike,Southeast
1068,-83.20493317,39.00696945,2077,61092,ohio,pike,Southeast
1069,-83.25649261,39.01842499,2077,61093,ohio,pike,Southeast
1070,-83.30233002,39.05280304,2077,61094,ohio,pike,Southeast
1071,-83.30805969,39.06426239,2077,61095,ohio,pike,Southeast
1072,-83.37109375,39.06426239,2077,61096,ohio,pike,Southeast
1073,-81.004776,41.36755371,2078,61098,ohio,portage,Northeast
1074,-80.99904633,41.14410019,2078,61099,ohio,portage,Northeast
1075,-80.99904633,41.01231766,2078,61100,ohio,portage,Northeast
1076,-81.07925415,41.00658798,2078,61101,ohio,portage,Northeast
1077,-81.39438629,41.00086212,2078,61102,ohio,portage,Northeast
1078,-81.39438629,41.36755371,2078,61103,ohio,portage,Northeast
1079,-81.004776,41.36755371,2078,61104,ohio,portage,Northeast
1080,-84.48262024,39.59711456,2079,61106,ohio,preble,Southwest
1081,-84.48262024,39.57992554,2079,61107,ohio,preble,Southwest
1082,-84.82067108,39.57419586,2079,61108,ohio,preble,Southwest
1083,-84.82067108,39.73462296,2079,61109,ohio,preble,Southwest
1084,-84.82067108,39.9294281,2079,61110,ohio,preble,Southwest
1085,-84.48835754,39.91796875,2079,61111,ohio,preble,Southwest
1086,-84.48262024,39.59711456,2079,61112,ohio,preble,Southwest
1087,-84.40241241,40.99512863,2080,61114,ohio,putnam,Northwest
1088,-84.35658264,40.99512863,2080,61115,ohio,putnam,Northwest
1089,-84.35084534,41.17274475,2080,61116,ohio,putnam,Northwest
1090,-84.23625183,41.17274475,2080,61117,ohio,putnam,Northwest
1091,-83.88101959,41.17274475,2080,61118,ohio,putnam,Northwest
1092,-83.88101959,40.92637253,2080,61119,ohio,putnam,Northwest
1093,-83.9956131,40.93210602,2080,61120,ohio,putnam,Northwest
1094,-83.9956131,40.91491699,2080,61121,ohio,putnam,Northwest
1095,-84.11592865,40.90918732,2080,61122,ohio,putnam,Northwest
1096,-84.11592865,40.86907959,2080,61123,ohio,putnam,Northwest
1097,-84.35084534,40.85762024,2080,61124,ohio,putnam,Northwest
1098,-84.35658264,40.90345764,2080,61125,ohio,putnam,Northwest
1099,-84.40241241,40.90918732,2080,61126,ohio,putnam,Northwest
1100,-84.40241241,40.99512863,2080,61127,ohio,putnam,Northwest
1101,-82.72364807,41.00658798,2081,61129,ohio,richland,Northeast
1102,-82.43716431,41.00658798,2081,61130,ohio,richland,Northeast
1103,-82.40852356,41.00658798,2081,61131,ohio,richland,Northeast
1104,-82.40852356,40.82897186,2081,61132,ohio,richland,Northeast
1105,-82.40278625,40.81751633,2081,61133,ohio,richland,Northeast
1106,-82.38559723,40.80605316,2081,61134,ohio,richland,Northeast
1107,-82.38559723,40.74876022,2081,61135,ohio,richland,Northeast
1108,-82.33403778,40.73730087,2081,61136,ohio,richland,Northeast
1109,-82.33403778,40.56541061,2081,61137,ohio,richland,Northeast
1110,-82.40278625,40.56541061,2081,61138,ohio,richland,Northeast
1111,-82.52310944,40.56541061,2081,61139,ohio,richland,Northeast
1112,-82.61478424,40.56541061,2081,61140,ohio,richland,Northeast
1113,-82.61478424,40.66281509,2081,61141,ohio,richland,Northeast
1114,-82.63197327,40.65708542,2081,61142,ohio,richland,Northeast
1115,-82.63197327,40.68000412,2081,61143,ohio,richland,Northeast
1116,-82.61478424,40.68000412,2081,61144,ohio,richland,Northeast
1117,-82.61478424,40.7315712,2081,61145,ohio,richland,Northeast
1118,-82.72364807,40.72584152,2081,61146,ohio,richland,Northeast
1119,-82.72364807,41.00658798,2081,61147,ohio,richland,Northeast
1120,-82.73510742,39.37939072,2082,61149,ohio,ross,Southeast
1121,-82.75229645,39.22468948,2082,61150,ohio,ross,Southeast
1122,-82.75229645,39.17885208,2082,61151,ohio,ross,Southeast
1123,-82.77521515,39.17885208,2082,61152,ohio,ross,Southeast
1124,-83.34816742,39.20750046,2082,61153,ohio,ross,Southeast
1125,-83.34816742,39.25906754,2082,61154,ohio,ross,Southeast
1126,-83.34816742,39.26479721,2082,61155,ohio,ross,Southeast
1127,-83.3596344,39.26479721,2082,61156,ohio,ross,Southeast
1128,-83.37109375,39.25906754,2082,61157,ohio,ross,Southeast
1129,-83.38254547,39.25906754,2082,61158,ohio,ross,Southeast
1130,-83.39400482,39.28771591,2082,61159,ohio,ross,Southeast
1131,-83.38827515,39.29344559,2082,61160,ohio,ross,Southeast
1132,-83.38254547,39.33928299,2082,61161,ohio,ross,Southeast
1133,-83.37109375,39.36793137,2082,61162,ohio,ross,Southeast
1134,-83.36536407,39.38511658,2082,61163,ohio,ross,Southeast
1135,-83.30805969,39.45960617,2082,61164,ohio,ross,Southeast
1136,-83.26222229,39.51689911,2082,61165,ohio,ross,Southeast
1137,-82.98147583,39.51116943,2082,61166,ohio,ross,Southeast
1138,-82.98720551,39.49398041,2082,61167,ohio,ross,Southeast
1139,-82.72364807,39.47106171,2082,61168,ohio,ross,Southeast
1140,-82.73510742,39.37939072,2082,61169,ohio,ross,Southeast
1141,-83.4226532,41.51079178,2083,61171,ohio,sandusky,Northwest
1142,-83.34816742,41.51652145,2083,61172,ohio,sandusky,Northwest
1143,-83.33670807,41.47068405,2083,61173,ohio,sandusky,Northwest
1144,-83.04450226,41.46495438,2083,61174,ohio,sandusky,Northwest
1145,-83.02158356,41.47068405,2083,61175,ohio,sandusky,Northwest
1146,-82.99867249,41.47068405,2083,61176,ohio,sandusky,Northwest
1147,-82.97574615,41.47068405,2083,61177,ohio,sandusky,Northwest
1148,-82.98147583,41.4592247,2083,61178,ohio,sandusky,Northwest
1149,-82.9413681,41.43058014,2083,61179,ohio,sandusky,Northwest
1150,-82.90699768,41.44203568,2083,61180,ohio,sandusky,Northwest
1151,-82.86688995,41.43058014,2083,61181,ohio,sandusky,Northwest
1152,-82.84396362,41.43058014,2083,61182,ohio,sandusky,Northwest
1153,-82.83823395,41.30452728,2083,61183,ohio,sandusky,Northwest
1154,-82.83823395,41.25868988,2083,61184,ohio,sandusky,Northwest
1155,-83.4226532,41.25868988,2083,61185,ohio,sandusky,Northwest
1156,-83.4226532,41.51079178,2083,61186,ohio,sandusky,Northwest
1157,-83.25076294,38.64027023,2084,61188,ohio,scioto,Southeast
1158,-83.25649261,39.01842499,2084,61189,ohio,scioto,Southeast
1159,-83.20493317,39.00696945,2084,61190,ohio,scioto,Southeast
1160,-83.21065521,38.97831726,2084,61191,ohio,scioto,Southeast
1161,-82.79812622,38.96113205,2084,61192,ohio,scioto,Southeast
1162,-82.74656677,38.94966888,2084,61193,ohio,scioto,Southeast
1163,-82.75229645,38.87518692,2084,61194,ohio,scioto,Southeast
1164,-82.64343262,38.86372757,2084,61195,ohio,scioto,Southeast
1165,-82.66062164,38.77778244,2084,61196,ohio,scioto,Southeast
1166,-82.68354034,38.77778244,2084,61197,ohio,scioto,Southeast
1167,-82.68927002,38.70329666,2084,61198,ohio,scioto,Southeast
1168,-82.75229645,38.70902634,2084,61199,ohio,scioto,Southeast
1169,-82.75801849,38.68610764,2084,61200,ohio,scioto,Southeast
1170,-82.75229645,38.66318893,2084,61201,ohio,scioto,Southeast
1171,-82.73510742,38.62308502,2084,61202,ohio,scioto,Southeast
1172,-82.79812622,38.59443665,2084,61203,ohio,scioto,Southeast
1173,-82.84396362,38.61735535,2084,61204,ohio,scioto,Southeast
1174,-82.8496933,38.66892242,2084,61205,ohio,scioto,Southeast
1175,-82.86688995,38.6975708,2084,61206,ohio,scioto,Southeast
1176,-82.88980103,38.75486374,2084,61207,ohio,scioto,Southeast
1177,-82.92417908,38.76059723,2084,61208,ohio,scioto,Southeast
1178,-83.01585388,38.7204895,2084,61209,ohio,scioto,Southeast
1179,-83.10179901,38.68610764,2084,61210,ohio,scioto,Southeast
1180,-83.13617706,38.64027023,2084,61211,ohio,scioto,Southeast
1181,-83.19920349,38.64600372,2084,61212,ohio,scioto,Southeast
1182,-83.25076294,38.64027023,2084,61213,ohio,scioto,Southeast
1183,-83.41692352,41.00086212,2085,61215,ohio,seneca,Northwest
1184,-83.4226532,41.17847443,2085,61216,ohio,seneca,Northwest
1185,-83.4226532,41.25868988,2085,61217,ohio,seneca,Northwest
1186,-82.83823395,41.25868988,2085,61218,ohio,seneca,Northwest
1187,-82.8325119,41.00658798,2085,61219,ohio,seneca,Northwest
1188,-82.8496933,41.01231766,2085,61220,ohio,seneca,Northwest
1189,-82.85542297,41.00086212,2085,61221,ohio,seneca,Northwest
1190,-83.10752869,41.00086212,2085,61222,ohio,seneca,Northwest
1191,-83.41692352,41.00086212,2085,61223,ohio,seneca,Northwest
1192,-84.44252014,40.35914612,2086,61225,ohio,shelby,Northwest
1193,-84.44252014,40.38206482,2086,61226,ohio,shelby,Northwest
1194,-84.35084534,40.38206482,2086,61227,ohio,shelby,Northwest
1195,-84.35084534,40.48519897,2086,61228,ohio,shelby,Northwest
1196,-83.98988342,40.48519897,2086,61229,ohio,shelby,Northwest
1197,-83.98988342,40.39352417,2086,61230,ohio,shelby,Northwest
1198,-83.9956131,40.39352417,2086,61231,ohio,shelby,Northwest
1199,-84.00134277,40.30185318,2086,61232,ohio,shelby,Northwest
1200,-84.01280212,40.30757904,2086,61233,ohio,shelby,Northwest
1201,-84.0185318,40.27893448,2086,61234,ohio,shelby,Northwest
1202,-84.02426147,40.18725967,2086,61235,ohio,shelby,Northwest
1203,-84.23625183,40.2044487,2086,61236,ohio,shelby,Northwest
1204,-84.43106079,40.2044487,2086,61237,ohio,shelby,Northwest
1205,-84.44252014,40.35914612,2086,61238,ohio,shelby,Northwest
1206,-81.64648438,40.68000412,2087,61240,ohio,stark,Northeast
1207,-81.64648438,40.91491699,2087,61241,ohio,stark,Northeast
1208,-81.41730499,40.92637253,2087,61242,ohio,stark,Northeast
1209,-81.41157532,41.00086212,2087,61243,ohio,stark,Northeast
1210,-81.39438629,41.00086212,2087,61244,ohio,stark,Northeast
1211,-81.07925415,41.00658798,2087,61245,ohio,stark,Northeast
1212,-81.07925415,40.91491699,2087,61246,ohio,stark,Northeast
1213,-81.07925415,40.73730087,2087,61247,ohio,stark,Northeast
1214,-81.19957733,40.73730087,2087,61248,ohio,stark,Northeast
1215,-81.20530701,40.73730087,2087,61249,ohio,stark,Northeast
1216,-81.23968506,40.73730087,2087,61250,ohio,stark,Northeast
1217,-81.23968506,40.66854477,2087,61251,ohio,stark,Northeast
1218,-81.31417084,40.66854477,2087,61252,ohio,stark,Northeast
1219,-81.45741272,40.67427444,2087,61253,ohio,stark,Northeast
1220,-81.4631424,40.68000412,2087,61254,ohio,stark,Northeast
1221,-81.47460175,40.69146347,2087,61255,ohio,stark,Northeast
1222,-81.48032379,40.68000412,2087,61256,ohio,stark,Northeast
1223,-81.49752045,40.66854477,2087,61257,ohio,stark,Northeast
1224,-81.64648438,40.65135574,2087,61258,ohio,stark,Northeast
1225,-81.64648438,40.68000412,2087,61259,ohio,stark,Northeast
1226,-81.67513275,41.28733826,2088,61261,ohio,summit,Northeast
1227,-81.5548172,41.29306793,2088,61262,ohio,summit,Northeast
1228,-81.59492493,41.37328339,2088,61263,ohio,summit,Northeast
1229,-81.39438629,41.36755371,2088,61264,ohio,summit,Northeast
1230,-81.39438629,41.00086212,2088,61265,ohio,summit,Northeast
1231,-81.41157532,41.00086212,2088,61266,ohio,summit,Northeast
1232,-81.41730499,40.92637253,2088,61267,ohio,summit,Northeast
1233,-81.64648438,40.91491699,2088,61268,ohio,summit,Northeast
1234,-81.64076233,41.00658798,2088,61269,ohio,summit,Northeast
1235,-81.68087006,41.00658798,2088,61270,ohio,summit,Northeast
1236,-81.67513275,41.28733826,2088,61271,ohio,summit,Northeast
1237,-80.52349091,41.13263702,2089,61273,ohio,trumbull,Northeast
1238,-80.99904633,41.14410019,2089,61274,ohio,trumbull,Northeast
1239,-81.004776,41.36755371,2089,61275,ohio,trumbull,Northeast
1240,-81.004776,41.5050621,2089,61276,ohio,trumbull,Northeast
1241,-80.52922058,41.49933624,2089,61277,ohio,trumbull,Northeast
1242,-80.52349091,41.4821434,2089,61278,ohio,trumbull,Northeast
1243,-80.52349091,41.13263702,2089,61279,ohio,trumbull,Northeast
1244,-81.33708954,40.22163773,2090,61281,ohio,tuscarawas,Northeast
1245,-81.62356567,40.23882675,2090,61282,ohio,tuscarawas,Northeast
1246,-81.61210632,40.38206482,2090,61283,ohio,tuscarawas,Northeast
1247,-81.7095108,40.38779831,2090,61284,ohio,tuscarawas,Northeast
1248,-81.70378113,40.45081711,2090,61285,ohio,tuscarawas,Northeast
1249,-81.6636734,40.46228027,2090,61286,ohio,tuscarawas,Northeast
1250,-81.65794373,40.63989639,2090,61287,ohio,tuscarawas,Northeast
1251,-81.66940308,40.63989639,2090,61288,ohio,tuscarawas,Northeast
1252,-81.66940308,40.64562607,2090,61289,ohio,tuscarawas,Northeast
1253,-81.66940308,40.65135574,2090,61290,ohio,tuscarawas,Northeast
1254,-81.64648438,40.65135574,2090,61291,ohio,tuscarawas,Northeast
1255,-81.49752045,40.66854477,2090,61292,ohio,tuscarawas,Northeast
1256,-81.48032379,40.68000412,2090,61293,ohio,tuscarawas,Northeast
1257,-81.47460175,40.69146347,2090,61294,ohio,tuscarawas,Northeast
1258,-81.4631424,40.68000412,2090,61295,ohio,tuscarawas,Northeast
1259,-81.45741272,40.67427444,2090,61296,ohio,tuscarawas,Northeast
1260,-81.31417084,40.66854477,2090,61297,ohio,tuscarawas,Northeast
1261,-81.31990051,40.58259964,2090,61298,ohio,tuscarawas,Northeast
1262,-81.25687408,40.57686996,2090,61299,ohio,tuscarawas,Northeast
1263,-81.26833344,40.45081711,2090,61300,ohio,tuscarawas,Northeast
1264,-81.27979279,40.31904221,2090,61301,ohio,tuscarawas,Northeast
1265,-81.33135986,40.31904221,2090,61302,ohio,tuscarawas,Northeast
1266,-81.33708954,40.22163773,2090,61303,ohio,tuscarawas,Northeast
1267,-83.20493317,40.10704422,2091,61305,ohio,union,Central
1268,-83.50859833,40.11850739,2091,61306,ohio,union,Central
1269,-83.49713898,40.23882675,2091,61307,ohio,union,Central
1270,-83.55443573,40.24455643,2091,61308,ohio,union,Central
1271,-83.52005768,40.50811768,2091,61309,ohio,union,Central
1272,-83.41692352,40.51957321,2091,61310,ohio,union,Central
1273,-83.25076294,40.5253067,2091,61311,ohio,union,Central
1274,-83.24504089,40.45081711,2091,61312,ohio,union,Central
1275,-83.24504089,40.26174545,2091,61313,ohio,union,Central
1276,-83.17054749,40.25601578,2091,61314,ohio,union,Central
1277,-83.17054749,40.15288162,2091,61315,ohio,union,Central
1278,-83.17054749,40.11850739,2091,61316,ohio,union,Central
1279,-83.20493317,40.10704422,2091,61317,ohio,union,Central
1280,-84.80348206,40.99512863,2092,61319,ohio,van wert,Northwest
1281,-84.40241241,40.99512863,2092,61320,ohio,van wert,Northwest
1282,-84.40241241,40.90918732,2092,61321,ohio,van wert,Northwest
1283,-84.35658264,40.90345764,2092,61322,ohio,van wert,Northwest
1284,-84.35084534,40.85762024,2092,61323,ohio,van wert,Northwest
1285,-84.35084534,40.82324219,2092,61324,ohio,van wert,Northwest
1286,-84.40241241,40.82324219,2092,61325,ohio,van wert,Northwest
1287,-84.39668274,40.68000412,2092,61326,ohio,van wert,Northwest
1288,-84.46543884,40.68000412,2092,61327,ohio,van wert,Northwest
1289,-84.45970917,40.7315712,2092,61328,ohio,van wert,Northwest
1290,-84.81494141,40.73730087,2092,61329,ohio,van wert,Northwest
1291,-84.80921936,40.93210602,2092,61330,ohio,van wert,Northwest
1292,-84.80348206,40.99512863,2092,61331,ohio,van wert,Northwest
1293,-82.75229645,39.22468948,2093,61333,ohio,vinton,Southeast
1294,-82.73510742,39.37939072,2093,61334,ohio,vinton,Southeast
1295,-82.62624359,39.37366104,2093,61335,ohio,vinton,Southeast
1296,-82.62051392,39.39085007,2093,61336,ohio,vinton,Southeast
1297,-82.50592804,39.38511658,2093,61337,ohio,vinton,Southeast
1298,-82.50019836,39.40803528,2093,61338,ohio,vinton,Southeast
1299,-82.2824707,39.39657974,2093,61339,ohio,vinton,Southeast
1300,-82.29393005,39.30490494,2093,61340,ohio,vinton,Southeast
1301,-82.259552,39.29344559,2093,61341,ohio,vinton,Southeast
1302,-82.27101135,39.21323395,2093,61342,ohio,vinton,Southeast
1303,-82.29393005,39.21323395,2093,61343,ohio,vinton,Southeast
1304,-82.31684875,39.03561401,2093,61344,ohio,vinton,Southeast
1305,-82.42570496,39.04707336,2093,61345,ohio,vinton,Southeast
1306,-82.40852356,39.15020752,2093,61346,ohio,vinton,Southeast
1307,-82.52310944,39.15593338,2093,61347,ohio,vinton,Southeast
1308,-82.52310944,39.19604111,2093,61348,ohio,vinton,Southeast
1309,-82.64343262,39.20750046,2093,61349,ohio,vinton,Southeast
1310,-82.63770294,39.21895981,2093,61350,ohio,vinton,Southeast
1311,-82.75229645,39.22468948,2093,61351,ohio,vinton,Southeast
1312,-84.12739563,39.58565521,2094,61353,ohio,warren,Southwest
1313,-83.97842407,39.57992554,2094,61354,ohio,warren,Southwest
1314,-84.01280212,39.26479721,2094,61355,ohio,warren,Southwest
1315,-84.25344086,39.27625656,2094,61356,ohio,warren,Southwest
1316,-84.25344086,39.29344559,2094,61357,ohio,warren,Southwest
1317,-84.34511566,39.29344559,2094,61358,ohio,warren,Southwest
1318,-84.33365631,39.56273651,2094,61359,ohio,warren,Southwest
1319,-84.35084534,39.56273651,2094,61360,ohio,warren,Southwest
1320,-84.35084534,39.59711456,2094,61361,ohio,warren,Southwest
1321,-84.12739563,39.58565521,2094,61362,ohio,warren,Southwest
1322,-81.02768707,39.55700684,2095,61364,ohio,washington,Southeast
1323,-81.10790253,39.48252487,2095,61365,ohio,washington,Southeast
1324,-81.13655853,39.46533203,2095,61366,ohio,washington,Southeast
1325,-81.16519928,39.44814301,2095,61367,ohio,washington,Southeast
1326,-81.23395538,39.4023056,2095,61368,ohio,washington,Southeast
1327,-81.29698181,39.38511658,2095,61369,ohio,washington,Southeast
1328,-81.36573792,39.36219788,2095,61370,ohio,washington,Southeast
1329,-81.38865662,39.36793137,2095,61371,ohio,washington,Southeast
1330,-81.40584564,39.39657974,2095,61372,ohio,washington,Southeast
1331,-81.45168304,39.41376877,2095,61373,ohio,washington,Southeast
1332,-81.48032379,39.40803528,2095,61374,ohio,washington,Southeast
1333,-81.5548172,39.35647202,2095,61375,ohio,washington,Southeast
1334,-81.56626892,39.32209396,2095,61376,ohio,washington,Southeast
1335,-81.58919525,39.28198624,2095,61377,ohio,washington,Southeast
1336,-81.6636734,39.28771591,2095,61378,ohio,washington,Southeast
1337,-81.69232178,39.27625656,2095,61379,ohio,washington,Southeast
1338,-81.70378113,39.23615265,2095,61380,ohio,washington,Southeast
1339,-81.7324295,39.22468948,2095,61381,ohio,washington,Southeast
1340,-81.72097015,39.28771591,2095,61382,ohio,washington,Southeast
1341,-81.80691528,39.29344559,2095,61383,ohio,washington,Southeast
1342,-81.81263733,39.32209396,2095,61384,ohio,washington,Southeast
1343,-81.82983398,39.32209396,2095,61385,ohio,washington,Southeast
1344,-81.82983398,39.33928299,2095,61386,ohio,washington,Southeast
1345,-81.84702301,39.33928299,2095,61387,ohio,washington,Southeast
1346,-81.83556366,39.46533203,2095,61388,ohio,washington,Southeast
1347,-81.82410431,39.47106171,2095,61389,ohio,washington,Southeast
1348,-81.81837463,39.51689911,2095,61390,ohio,washington,Southeast
1349,-81.75534821,39.51116943,2095,61391,ohio,washington,Southeast
1350,-81.74961853,39.51116943,2095,61392,ohio,washington,Southeast
1351,-81.71524048,39.50543976,2095,61393,ohio,washington,Southeast
1352,-81.7095108,39.54554367,2095,61394,ohio,washington,Southeast
1353,-81.72097015,39.55700684,2095,61395,ohio,washington,Southeast
1354,-81.71524048,39.57992554,2095,61396,ohio,washington,Southeast
1355,-81.71524048,39.59711456,2095,61397,ohio,washington,Southeast
1356,-81.69805145,39.60284424,2095,61398,ohio,washington,Southeast
1357,-81.58345795,39.60284424,2095,61399,ohio,washington,Southeast
1358,-81.46887207,39.59711456,2095,61400,ohio,washington,Southeast
1359,-81.46887207,39.66587067,2095,61401,ohio,washington,Southeast
1360,-81.45168304,39.66013718,2095,61402,ohio,washington,Southeast
1361,-81.44594574,39.64295197,2095,61403,ohio,washington,Southeast
1362,-81.41157532,39.64295197,2095,61404,ohio,washington,Southeast
1363,-81.41157532,39.6314888,2095,61405,ohio,washington,Southeast
1364,-81.38865662,39.6314888,2095,61406,ohio,washington,Southeast
1365,-81.38292694,39.62003326,2095,61407,ohio,washington,Southeast
1366,-81.34281921,39.61429977,2095,61408,ohio,washington,Southeast
1367,-81.33708954,39.6085701,2095,61409,ohio,washington,Southeast
1368,-81.28552246,39.60284424,2095,61410,ohio,washington,Southeast
1369,-81.28552246,39.62003326,2095,61411,ohio,washington,Southeast
1370,-81.25114441,39.62003326,2095,61412,ohio,washington,Southeast
1371,-81.25114441,39.59711456,2095,61413,ohio,washington,Southeast
1372,-81.02768707,39.58565521,2095,61414,ohio,washington,Southeast
1373,-81.02768707,39.55700684,2095,61415,ohio,washington,Southeast
1374,-81.64648438,40.68000412,2096,61417,ohio,wayne,Northeast
1375,-82.12776947,40.68000412,2096,61418,ohio,wayne,Northeast
1376,-82.12776947,41.00658798,2096,61419,ohio,wayne,Northeast
1377,-81.68087006,41.00658798,2096,61420,ohio,wayne,Northeast
1378,-81.64076233,41.00658798,2096,61421,ohio,wayne,Northeast
1379,-81.64648438,40.91491699,2096,61422,ohio,wayne,Northeast
1380,-81.64648438,40.68000412,2096,61423,ohio,wayne,Northeast
1381,-84.79775238,41.7113266,2097,61425,ohio,williams,Northwest
1382,-84.40241241,41.72278595,2097,61426,ohio,williams,Northwest
1383,-84.39668274,41.63111115,2097,61427,ohio,williams,Northwest
1384,-84.37376404,41.63111115,2097,61428,ohio,williams,Northwest
1385,-84.37376404,41.5279808,2097,61429,ohio,williams,Northwest
1386,-84.33938599,41.52225113,2097,61430,ohio,williams,Northwest
1387,-84.34511566,41.48787308,2097,61431,ohio,williams,Northwest
1388,-84.34511566,41.43058014,2097,61432,ohio,williams,Northwest
1389,-84.79775238,41.43058014,2097,61433,ohio,williams,Northwest
1390,-84.79775238,41.53944016,2097,61434,ohio,williams,Northwest
1391,-84.79775238,41.7113266,2097,61435,ohio,williams,Northwest
1392,-83.4226532,41.25868988,2098,61437,ohio,wood,Northwest
1393,-83.4226532,41.17847443,2098,61438,ohio,wood,Northwest
1394,-83.88101959,41.17274475,2098,61439,ohio,wood,Northwest
1395,-83.88674927,41.43058014,2098,61440,ohio,wood,Northwest
1396,-83.85237122,41.43058014,2098,61441,ohio,wood,Northwest
1397,-83.79507446,41.45349884,2098,61442,ohio,wood,Northwest
1398,-83.74923706,41.49360275,2098,61443,ohio,wood,Northwest
1399,-83.71485901,41.52225113,2098,61444,ohio,wood,Northwest
1400,-83.70912933,41.53944016,2098,61445,ohio,wood,Northwest
1401,-83.67475891,41.56235504,2098,61446,ohio,wood,Northwest
1402,-83.60600281,41.59673691,2098,61447,ohio,wood,Northwest
1403,-83.58308411,41.62538147,2098,61448,ohio,wood,Northwest
1404,-83.4226532,41.62538147,2098,61449,ohio,wood,Northwest
1405,-83.4226532,41.51079178,2098,61450,ohio,wood,Northwest
1406,-83.4226532,41.25868988,2098,61451,ohio,wood,Northwest
1407,-83.10752869,41.00086212,2099,61453,ohio,wyandot,Northwest
1408,-83.10179901,40.82897186,2099,61454,ohio,wyandot,Northwest
1409,-83.10179901,40.83470154,2099,61455,ohio,wyandot,Northwest
1410,-83.10179901,40.80605316,2099,61456,ohio,wyandot,Northwest
1411,-83.10179901,40.79459763,2099,61457,ohio,wyandot,Northwest
1412,-83.10752869,40.71438217,2099,61458,ohio,wyandot,Northwest
1413,-83.29660034,40.71438217,2099,61459,ohio,wyandot,Northwest
1414,-83.30233002,40.70292282,2099,61460,ohio,wyandot,Northwest
1415,-83.4226532,40.69719315,2099,61461,ohio,wyandot,Northwest
1416,-83.43411255,40.69719315,2099,61462,ohio,wyandot,Northwest
1417,-83.43411255,40.71438217,2099,61463,ohio,wyandot,Northwest
1418,-83.4914093,40.71438217,2099,61464,ohio,wyandot,Northwest
1419,-83.4914093,40.82897186,2099,61465,ohio,wyandot,Northwest
1420,-83.514328,40.82897186,2099,61466,ohio,wyandot,Northwest
1421,-83.514328,40.91491699,2099,61467,ohio,wyandot,Northwest
1422,-83.4914093,40.91491699,2099,61468,ohio,wyandot,Northwest
1423,-83.48567963,40.96648026,2099,61469,ohio,wyandot,Northwest
1424,-83.4684906,40.96648026,2099,61470,ohio,wyandot,Northwest
1425,-83.4684906,41.00658798,2099,61471,ohio,wyandot,Northwest
1426,-83.41692352,41.00086212,2099,61472,ohio,wyandot,Northwest
1427,-83.10752869,41.00086212,2099,61473,ohio,wyandot,Northwest
